timestamp,location_name,location_lat,location_lon,co,no2,o3,pm10,pm25,so2,owm_aqi_index
2026-07-17 11:33:49,Delhi,28.7041,77.1025,0.1173,1.3,84.74,47.94,16.28,1.15,2
2026-07-17 11:33:49,Faridabad,28.4089,77.3178,0.1363,1.82,85.19,47.11,18.08,1.79,2
2026-07-17 11:33:49,Ghaziabad,28.6692,77.4538,0.1369,1.79,88.45,50.07,19.33,1.34,3
2026-07-17 11:33:49,Gurgaon,28.4595,77.0266,0.129,1.59,84.97,46.8,17.34,1.77,2
2026-07-17 11:33:49,Noida,28.5355,77.391,0.1363,1.82,85.19,47.11,18.08,1.79,2
2026-07-17 12:03:56,Delhi,28.7041,77.1025,0.1055,0.89,84.84,51.05,16.15,1.1,3
2026-07-17 12:03:56,Faridabad,28.4089,77.3178,0.1157,1.04,88.03,51.47,17.9,1.41,3
2026-07-17 12:03:56,Ghaziabad,28.6692,77.4538,0.114,1.09,88.39,56.71,18.55,1.29,3
2026-07-17 12:03:56,Gurgaon,28.4595,77.0266,0.129,1.59,84.97,46.8,17.34,1.77,2
2026-07-17 12:03:56,Noida,28.5355,77.391,0.1157,1.04,88.03,51.47,17.9,1.41,3
2026-07-17 12:56:07,Delhi,28.7041,77.1025,0.1055,0.89,84.84,51.05,16.15,1.1,3
2026-07-17 12:56:07,Faridabad,28.4089,77.3178,0.1157,1.04,88.03,51.47,17.9,1.41,3
2026-07-17 12:56:07,Ghaziabad,28.6692,77.4538,0.114,1.09,88.39,56.71,18.55,1.29,3
2026-07-17 12:56:07,Gurgaon,28.4595,77.0266,0.1124,0.96,87.17,49.51,17.1,1.39,2
2026-07-17 12:56:07,Noida,28.5355,77.391,0.1157,1.04,88.03,51.47,17.9,1.41,3
2026-07-18 11:21:27,Delhi,28.7041,77.1025,0.1293,3.25,57.06,43.78,12.21,1.33,2
2026-07-18 11:21:27,Faridabad,28.4089,77.3178,0.125,2.99,60.7,39.69,11.42,1.38,2
2026-07-18 11:21:27,Ghaziabad,28.6692,77.4538,0.1333,3.5,58.22,40.77,11.76,1.4,2
2026-07-18 11:21:27,Gurgaon,28.4595,77.0266,0.1227,2.79,60.87,41.27,11.81,1.39,2
2026-07-18 11:21:27,Noida,28.5355,77.391,0.125,2.99,60.7,39.69,11.42,1.38,2
2026-07-18 11:51:30,Delhi,28.7041,77.1025,0.1293,3.25,57.06,43.78,12.21,1.33,2
2026-07-18 11:51:30,Faridabad,28.4089,77.3178,0.125,2.99,60.7,39.69,11.42,1.38,2
2026-07-18 11:51:30,Ghaziabad,28.6692,77.4538,0.1333,3.5,58.22,40.77,11.76,1.4,2
2026-07-18 11:51:30,Gurgaon,28.4595,77.0266,0.1227,2.79,60.87,41.27,11.81,1.39,2
2026-07-18 11:51:30,Noida,28.5355,77.391,0.125,2.99,60.7,39.69,11.42,1.38,2
2026-07-21 20:53:17,Delhi,28.7041,77.1025,0.4668,20.43,22.74,19.62,15.39,1.44,2
2026-07-21 20:53:17,Faridabad,28.4089,77.3178,0.4046,19,20.92,20.13,14.7,1.64,2
2026-07-21 20:53:17,Ghaziabad,28.6692,77.4538,0.429,21.04,16.13,21.26,15.19,2.06,2
2026-07-21 20:53:17,Gurgaon,28.4595,77.0266,0.4336,20.11,21.18,21.69,16.21,1.53,2
2026-07-21 20:53:17,Noida,28.5355,77.391,0.4046,19,20.92,20.13,14.7,1.64,2
2026-07-21 21:16:44,Delhi,28.7041,77.1025,0.4655,20.23,20.02,20.38,15.59,1.57,2
2026-07-21 21:16:44,Faridabad,28.4089,77.3178,0.4158,19.42,17.96,21.57,15.59,1.75,2
2026-07-21 21:16:44,Ghaziabad,28.6692,77.4538,0.4311,20.89,14.39,21.95,15.71,2.15,2
2026-07-21 21:16:44,Gurgaon,28.4595,77.0266,0.4466,20.68,17.66,23.36,17.1,1.65,2
2026-07-21 21:16:44,Noida,28.5355,77.391,0.4158,19.42,17.96,21.57,15.59,1.75,2
2026-07-21 21:52:56,Delhi,28.7041,77.1025,0.4655,20.23,20.02,20.38,15.59,1.57,2
2026-07-21 21:52:56,Faridabad,28.4089,77.3178,0.4158,19.42,17.96,21.57,15.59,1.75,2
2026-07-21 21:52:56,Ghaziabad,28.6692,77.4538,0.4311,20.89,14.39,21.95,15.71,2.15,2
2026-07-21 21:52:56,Gurgaon,28.4595,77.0266,0.4466,20.68,17.66,23.36,17.1,1.65,2
2026-07-21 21:52:56,Noida,28.5355,77.391,0.4158,19.42,17.96,21.57,15.59,1.75,2
2026-07-21 22:23:06,Delhi,28.7041,77.1025,0.471,20.51,16.77,21.68,16.38,1.66,2
2026-07-21 22:23:06,Faridabad,28.4089,77.3178,0.4267,19.76,15.41,22.73,16.57,1.8,2
2026-07-21 22:23:06,Ghaziabad,28.6692,77.4538,0.4251,20.16,13.88,21.7,16,2.15,2
2026-07-21 22:23:06,Gurgaon,28.4595,77.0266,0.4601,21.17,14.53,24.84,18.14,1.69,2
2026-07-21 22:23:06,Noida,28.5355,77.391,0.4267,19.76,15.41,22.73,16.57,1.8,2
2026-07-21 22:53:47,Delhi,28.7041,77.1025,0.471,20.51,16.77,21.68,16.38,1.66,2
2026-07-21 22:53:47,Faridabad,28.4089,77.3178,0.4267,19.76,15.41,22.73,16.57,1.8,2
2026-07-21 22:53:47,Ghaziabad,28.6692,77.4538,0.4251,20.16,13.88,21.7,16,2.15,2
2026-07-21 22:53:47,Gurgaon,28.4595,77.0266,0.4601,21.17,14.53,24.84,18.14,1.69,2
2026-07-21 22:53:47,Noida,28.5355,77.391,0.4267,19.76,15.41,22.73,16.57,1.8,2
2026-07-21 23:23:54,Delhi,28.7041,77.1025,0.4679,20.23,14.61,22,16.74,1.55,2
2026-07-21 23:23:54,Faridabad,28.4089,77.3178,0.4296,19.76,13.78,22.8,17.11,1.7,2
2026-07-21 23:23:54,Ghaziabad,28.6692,77.4538,0.413,19.12,14.3,20.83,15.95,2.03,2
2026-07-21 23:23:54,Gurgaon,28.4595,77.0266,0.4627,21.17,12.6,24.88,18.62,1.55,2
2026-07-21 23:23:54,Noida,28.5355,77.391,0.4296,19.76,13.78,22.8,17.11,1.7,2
2026-07-21 23:56:23,Delhi,28.7041,77.1025,0.4679,20.23,14.61,22,16.74,1.55,2
2026-07-21 23:56:23,Faridabad,28.4089,77.3178,0.4296,19.76,13.78,22.8,17.11,1.7,2
2026-07-21 23:56:23,Ghaziabad,28.6692,77.4538,0.413,19.12,14.3,20.83,15.95,2.03,2
2026-07-21 23:56:23,Gurgaon,28.4595,77.0266,0.4627,21.17,12.6,24.88,18.62,1.55,2
2026-07-21 23:56:23,Noida,28.5355,77.391,0.4296,19.76,13.78,22.8,17.11,1.7,2
2026-07-22 00:26:31,Delhi,28.7041,77.1025,0.4492,18.92,13.48,20.93,16.31,1.3,2
2026-07-22 00:26:31,Faridabad,28.4089,77.3178,0.4149,18.43,13.72,21.36,16.78,1.45,2
2026-07-22 00:26:31,Ghaziabad,28.6692,77.4538,0.3975,17.49,15.25,19.19,15.36,1.75,2
2026-07-22 00:26:31,Gurgaon,28.4595,77.0266,0.4405,19.47,12.78,23.04,17.98,1.28,2
2026-07-22 00:26:31,Noida,28.5355,77.391,0.4149,18.43,13.72,21.36,16.78,1.45,2
2026-07-22 00:56:53,Delhi,28.7041,77.1025,0.4492,18.92,13.48,20.93,16.31,1.3,2
2026-07-22 00:56:53,Faridabad,28.4089,77.3178,0.4149,18.43,13.72,21.36,16.78,1.45,2
2026-07-22 00:56:53,Ghaziabad,28.6692,77.4538,0.3975,17.49,15.25,19.19,15.36,1.75,2
2026-07-22 00:56:53,Gurgaon,28.4595,77.0266,0.4405,19.47,12.78,23.04,17.98,1.28,2
2026-07-22 00:56:53,Noida,28.5355,77.391,0.4149,18.43,13.72,21.36,16.78,1.45,2
2026-08-17 21:32:35,Delhi,28.7041,77.1025,0.2192,10.18,39.76,21.99,11.77,2.28,2
2026-08-17 21:32:35,Faridabad,28.4089,77.3178,0.2162,9.84,38.85,20.33,11.15,2.23,2
2026-08-17 21:32:35,Ghaziabad,28.6692,77.4538,0.2445,11.05,38.16,20.93,11.69,2.19,2
2026-08-17 21:32:35,Gurgaon,28.4595,77.0266,0.2087,9.68,39.56,20.99,11.28,2.43,2
2026-08-17 21:32:35,Noida,28.5355,77.391,0.2162,9.84,38.85,20.33,11.15,2.23,2
2026-08-17 22:02:50,Delhi,28.7041,77.1025,0.2282,10.87,36.28,23.37,12.27,2.47,2
2026-08-17 22:02:50,Faridabad,28.4089,77.3178,0.224,10.35,35.76,21.67,11.74,2.37,2
2026-08-17 22:02:50,Ghaziabad,28.6692,77.4538,0.2519,11.46,35.31,22.72,12.62,2.36,2
2026-08-17 22:02:50,Gurgaon,28.4595,77.0266,0.2171,10.27,36.26,22.08,11.61,2.57,2
2026-08-17 22:02:50,Noida,28.5355,77.391,0.224,10.35,35.76,21.67,11.74,2.37,2
2026-08-17 22:55:09,Delhi,28.7041,77.1025,0.2282,10.87,36.28,23.37,12.27,2.47,2
2026-08-17 22:55:09,Faridabad,28.4089,77.3178,0.224,10.35,35.76,21.67,11.74,2.37,2
2026-08-17 22:55:09,Ghaziabad,28.6692,77.4538,0.2519,11.46,35.31,22.72,12.62,2.36,2
2026-08-17 22:55:09,Gurgaon,28.4595,77.0266,0.2171,10.27,36.26,22.08,11.61,2.57,2
2026-08-17 22:55:09,Noida,28.5355,77.391,0.224,10.35,35.76,21.67,11.74,2.37,2
2026-08-17 23:25:16,Delhi,28.7041,77.1025,0.2278,10.96,34.23,23.68,12.15,2.46,2
2026-08-17 23:25:16,Faridabad,28.4089,77.3178,0.2251,10.53,33.52,22.14,11.86,2.39,2
2026-08-17 23:25:16,Ghaziabad,28.6692,77.4538,0.2518,11.69,32.66,23.51,13.1,2.41,2
2026-08-17 23:25:16,Gurgaon,28.4595,77.0266,0.2179,10.4,34.28,22.3,11.45,2.57,2
2026-08-17 23:25:16,Noida,28.5355,77.391,0.2251,10.53,33.52,22.14,11.86,2.39,2
2026-08-17 23:55:25,Delhi,28.7041,77.1025,0.2278,10.96,34.23,23.68,12.15,2.46,2
2026-08-17 23:55:25,Faridabad,28.4089,77.3178,0.2251,10.53,33.52,22.14,11.86,2.39,2
2026-08-17 23:55:25,Ghaziabad,28.6692,77.4538,0.2518,11.69,32.66,23.51,13.1,2.41,2
2026-08-17 23:55:25,Gurgaon,28.4595,77.0266,0.2179,10.4,34.28,22.3,11.45,2.57,2
2026-08-17 23:55:25,Noida,28.5355,77.391,0.2251,10.53,33.52,22.14,11.86,2.39,2
2026-08-18 00:25:32,Delhi,28.7041,77.1025,0.214,9.96,34.28,22.99,11.33,2.27,2
2026-08-18 00:25:32,Faridabad,28.4089,77.3178,0.2168,10.07,32.3,21.81,11.45,2.3,2
2026-08-18 00:25:32,Ghaziabad,28.6692,77.4538,0.2431,11.47,30.32,23.38,12.99,2.37,2
2026-08-18 00:25:32,Gurgaon,28.4595,77.0266,0.2078,9.66,33.93,21.75,10.78,2.43,2
2026-08-18 00:25:32,Noida,28.5355,77.391,0.2168,10.07,32.3,21.81,11.45,2.3,2
2026-08-18 00:55:43,Delhi,28.7041,77.1025,0.214,9.96,34.28,22.99,11.33,2.27,2
2026-08-18 00:55:43,Faridabad,28.4089,77.3178,0.2168,10.07,32.3,21.81,11.45,2.3,2
2026-08-18 00:55:43,Ghaziabad,28.6692,77.4538,0.2431,11.47,30.32,23.38,12.99,2.37,2
2026-08-18 00:55:43,Gurgaon,28.4595,77.0266,0.2078,9.66,33.93,21.75,10.78,2.43,2
2026-08-18 00:55:43,Noida,28.5355,77.391,0.2168,10.07,32.3,21.81,11.45,2.3,2
2026-08-18 01:26:30,Delhi,28.7041,77.1025,0.2023,8.95,34.52,22.63,10.71,2.07,2
2026-08-18 01:26:30,Faridabad,28.4089,77.3178,0.2101,9.48,31.54,21.7,11.04,2.21,2
2026-08-18 01:26:30,Ghaziabad,28.6692,77.4538,0.2357,10.98,28.83,23.3,12.66,2.35,2
2026-08-18 01:26:30,Gurgaon,28.4595,77.0266,0.199,8.87,33.78,21.58,10.31,2.27,2
2026-08-18 01:26:30,Noida,28.5355,77.391,0.2101,9.48,31.54,21.7,11.04,2.21,2
2026-08-21 16:20:01,Delhi,28.7041,77.1025,0.1335,1.78,87.09,58.59,21.58,0.82,3
2026-08-21 16:20:01,Faridabad,28.4089,77.3178,0.1352,1.7,88.54,49.15,19.65,0.88,2
2026-08-21 16:20:01,Ghaziabad,28.6692,77.4538,0.1321,1.51,90.25,52.11,20.09,0.81,3
2026-08-21 16:20:01,Gurgaon,28.4595,77.0266,0.138,1.9,87.93,52.37,20.66,1.04,3
2026-08-21 16:20:01,Noida,28.5355,77.391,0.1352,1.7,88.54,49.15,19.65,0.88,2
2026-08-21 16:50:08,Delhi,28.7041,77.1025,0.1335,1.78,87.09,58.59,21.58,0.82,3
2026-08-21 16:50:08,Faridabad,28.4089,77.3178,0.1352,1.7,88.54,49.15,19.65,0.88,2
2026-08-21 16:50:08,Ghaziabad,28.6692,77.4538,0.1321,1.51,90.25,52.11,20.09,0.81,3
2026-08-21 16:50:08,Gurgaon,28.4595,77.0266,0.138,1.9,87.93,52.37,20.66,1.04,3
2026-08-21 16:50:08,Noida,28.5355,77.391,0.1352,1.7,88.54,49.15,19.65,0.88,2
2026-08-21 17:20:18,Delhi,28.7041,77.1025,0.143,2.94,83.71,57.41,21.6,0.86,3
2026-08-21 17:20:18,Faridabad,28.4089,77.3178,0.1433,2.68,86.39,49.28,19.92,0.98,2
2026-08-21 17:20:18,Ghaziabad,28.6692,77.4538,0.137,2.26,88.51,53.83,20.51,0.86,3
2026-08-21 17:20:18,Gurgaon,28.4595,77.0266,0.1491,3.14,85.15,51.64,20.98,1.19,3
2026-08-21 17:20:18,Noida,28.5355,77.391,0.1433,2.68,86.39,49.28,19.92,0.98,2
2026-08-21 17:38:07,Delhi,28.7041,77.1025,0.143,2.94,83.71,57.41,21.6,0.86,3
2026-08-21 17:38:07,Faridabad,28.4089,77.3178,0.1433,2.68,86.39,49.28,19.92,0.98,2
2026-08-21 17:38:07,Ghaziabad,28.6692,77.4538,0.137,2.26,88.51,53.83,20.51,0.86,3
2026-08-21 17:38:07,Gurgaon,28.4595,77.0266,0.1491,3.14,85.15,51.64,20.98,1.19,3
2026-08-21 17:38:07,Noida,28.5355,77.391,0.1433,2.68,86.39,49.28,19.92,0.98,2
2026-08-22 12:36:40,Delhi,28.7041,77.1025,0.1337,0.96,80.07,51.24,21.65,0.53,3
2026-08-22 12:36:40,Faridabad,28.4089,77.3178,0.1424,1.08,81.99,52.52,23.67,0.85,3
2026-08-22 12:36:40,Ghaziabad,28.6692,77.4538,0.1493,1.13,82.47,51.08,24.33,0.66,3
2026-08-22 12:36:40,Gurgaon,28.4595,77.0266,0.1355,1,81.09,52.35,22.33,0.87,3
2026-08-22 12:36:40,Noida,28.5355,77.391,0.1424,1.08,81.99,52.52,23.67,0.85,3
2026-08-22 15:36:55,Delhi,28.7041,77.1025,0.1272,1.07,78.85,43.72,18.04,0.49,2
2026-08-22 15:36:55,Faridabad,28.4089,77.3178,0.132,1.27,79.88,42.64,18.5,0.68,2
2026-08-22 15:36:55,Ghaziabad,28.6692,77.4538,0.1379,1.56,80.88,45.02,19.93,0.63,2
2026-08-22 15:36:55,Gurgaon,28.4595,77.0266,0.1278,1.14,78.75,42.36,17.71,0.72,2
2026-08-22 15:36:55,Noida,28.5355,77.391,0.132,1.27,79.88,42.64,18.5,0.68,2
2026-08-22 16:26:15,Delhi,28.7041,77.1025,0.1332,1.68,77.65,42.4,17.89,0.57,2
2026-08-22 16:26:15,Faridabad,28.4089,77.3178,0.1392,2.12,77.31,40.88,18.18,0.77,2
2026-08-22 16:26:15,Ghaziabad,28.6692,77.4538,0.152,2.99,76.26,44.17,20.17,0.75,2
2026-08-22 16:26:15,Gurgaon,28.4595,77.0266,0.1327,1.74,77.67,40.87,17.53,0.82,2
2026-08-22 16:26:15,Noida,28.5355,77.391,0.1392,2.12,77.31,40.88,18.18,0.77,2
2026-08-22 16:56:19,Delhi,28.7041,77.1025,0.1332,1.68,77.65,42.4,17.89,0.57,2
2026-08-22 16:56:19,Faridabad,28.4089,77.3178,0.1392,2.12,77.31,40.88,18.18,0.77,2
2026-08-22 16:56:19,Ghaziabad,28.6692,77.4538,0.152,2.99,76.26,44.17,20.17,0.75,2
2026-08-22 16:56:19,Gurgaon,28.4595,77.0266,0.1327,1.74,77.67,40.87,17.53,0.82,2
2026-08-22 16:56:19,Noida,28.5355,77.391,0.1392,2.12,77.31,40.88,18.18,0.77,2
2026-08-22 17:26:24,Delhi,28.7041,77.1025,0.1407,2.7,75.03,40.84,17.62,0.68,2
2026-08-22 17:26:24,Faridabad,28.4089,77.3178,0.1486,3.46,73.12,38.53,17.55,0.88,2
2026-08-22 17:26:24,Ghaziabad,28.6692,77.4538,0.1691,5.21,69.07,41.94,19.77,0.86,2
2026-08-22 17:26:24,Gurgaon,28.4595,77.0266,0.1392,2.7,75.28,39.18,17.15,0.94,2
2026-08-22 17:26:24,Noida,28.5355,77.391,0.1486,3.46,73.12,38.53,17.55,0.88,2
2026-08-22 17:56:32,Delhi,28.7041,77.1025,0.1407,2.7,75.03,40.84,17.62,0.68,2
2026-08-22 17:56:32,Faridabad,28.4089,77.3178,0.1486,3.46,73.12,38.53,17.55,0.88,2
2026-08-22 17:56:32,Ghaziabad,28.6692,77.4538,0.1691,5.21,69.07,41.94,19.77,0.86,2
2026-08-22 17:56:32,Gurgaon,28.4595,77.0266,0.1392,2.7,75.28,39.18,17.15,0.94,2
2026-08-22 17:56:32,Noida,28.5355,77.391,0.1486,3.46,73.12,38.53,17.55,0.88,2
2026-08-22 18:07:18,Delhi,28.7041,77.1025,0.1703,6.24,60.87,40.46,18.1,0.92,2
2026-08-22 18:07:18,Faridabad,28.4089,77.3178,0.1749,6.65,61.41,37.12,17.49,1.12,2
2026-08-22 18:07:18,Ghaziabad,28.6692,77.4538,0.2042,9.22,55.55,39.72,19.61,1.1,2
2026-08-22 18:07:18,Gurgaon,28.4595,77.0266,0.1638,5.74,63.43,38.83,17.4,1.17,2
2026-08-22 18:07:18,Noida,28.5355,77.391,0.1749,6.65,61.41,37.12,17.49,1.12,2
2026-08-23 00:19:12,Delhi,28.7041,77.1025,0.2235,9.83,35.89,39.64,17.35,1.67,2
2026-08-23 00:19:12,Faridabad,28.4089,77.3178,0.2502,11.15,29.83,34.79,17.5,1.56,2
2026-08-23 00:19:12,Ghaziabad,28.6692,77.4538,0.2817,12.54,28.55,33.29,18.87,1.32,2
2026-08-23 00:19:12,Gurgaon,28.4595,77.0266,0.2243,10.07,33.98,37.99,16.85,1.88,2
2026-08-23 00:19:12,Noida,28.5355,77.391,0.2502,11.15,29.83,34.79,17.5,1.56,2
2026-08-23 00:36:19,Delhi,28.7041,77.1025,0.2235,9.83,35.89,39.64,17.35,1.67,2
2026-08-23 00:36:19,Faridabad,28.4089,77.3178,0.2502,11.15,29.83,34.79,17.5,1.56,2
2026-08-23 00:36:19,Ghaziabad,28.6692,77.4538,0.2817,12.54,28.55,33.29,18.87,1.32,2
2026-08-23 00:36:19,Gurgaon,28.4595,77.0266,0.2243,10.07,33.98,37.99,16.85,1.88,2
2026-08-23 00:36:19,Noida,28.5355,77.391,0.2502,11.15,29.83,34.79,17.5,1.56,2
2026-08-23 01:06:33,Delhi,28.7041,77.1025,0.2056,8.66,35.55,38.16,16.1,1.49,2
2026-08-23 01:06:33,Faridabad,28.4089,77.3178,0.2376,10.31,28.96,35.17,17.04,1.48,2
2026-08-23 01:06:33,Ghaziabad,28.6692,77.4538,0.2745,12.01,26.16,34.93,19.01,1.29,2
2026-08-23 01:06:33,Gurgaon,28.4595,77.0266,0.2091,9.09,33.53,36.84,15.81,1.75,2
2026-08-23 01:06:33,Noida,28.5355,77.391,0.2502,11.15,29.83,34.79,17.5,1.56,2
2026-08-23 01:37:53,Delhi,28.7041,77.1025,0.2056,8.66,35.55,38.16,16.1,1.49,2
2026-08-23 01:37:53,Faridabad,28.4089,77.3178,0.2376,10.31,28.96,35.17,17.04,1.48,2
2026-08-23 01:37:53,Ghaziabad,28.6692,77.4538,0.2745,12.01,26.16,34.93,19.01,1.29,2
2026-08-23 01:37:53,Gurgaon,28.4595,77.0266,0.2091,9.09,33.53,36.84,15.81,1.75,2
2026-08-23 01:37:53,Noida,28.5355,77.391,0.2376,10.31,28.96,35.17,17.04,1.48,2
2026-08-23 02:20:14,Delhi,28.7041,77.1025,0.1919,7.76,35.14,36.57,14.96,1.29,2
2026-08-23 02:20:14,Faridabad,28.4089,77.3178,0.2245,9.45,28.76,35.6,16.46,1.42,2
2026-08-23 02:20:14,Ghaziabad,28.6692,77.4538,0.2603,11.02,25.5,36.99,18.75,1.3,2
2026-08-23 02:20:14,Gurgaon,28.4595,77.0266,0.1968,8.28,33.21,35.53,14.83,1.6,2
2026-08-23 02:20:14,Noida,28.5355,77.391,0.2245,9.45,28.76,35.6,16.46,1.42,2
2026-08-23 02:50:21,Delhi,28.7041,77.1025,0.1919,7.76,35.14,36.57,14.96,1.29,2
2026-08-23 02:50:21,Faridabad,28.4089,77.3178,0.2245,9.45,28.76,35.6,16.46,1.42,2
2026-08-23 02:50:21,Ghaziabad,28.6692,77.4538,0.2603,11.02,25.5,36.99,18.75,1.3,2
2026-08-23 02:50:21,Gurgaon,28.4595,77.0266,0.1968,8.28,33.21,35.53,14.83,1.6,2
2026-08-23 02:50:21,Noida,28.5355,77.391,0.2245,9.45,28.76,35.6,16.46,1.42,2
2026-08-23 03:20:27,Delhi,28.7041,77.1025,0.1772,6.85,35.3,34.96,13.75,1.12,2
2026-08-23 03:20:27,Faridabad,28.4089,77.3178,0.2082,8.54,29.51,35.72,15.59,1.39,2
2026-08-23 03:20:27,Ghaziabad,28.6692,77.4538,0.2355,9.62,27.03,38.63,17.8,1.31,2
2026-08-23 03:20:27,Gurgaon,28.4595,77.0266,0.1838,7.49,33.42,34.13,13.78,1.49,2
2026-08-23 03:20:27,Noida,28.5355,77.391,0.2082,8.54,29.51,35.72,15.59,1.39,2
2026-08-23 03:43:34,Delhi,28.7041,77.1025,0.1772,6.85,35.3,34.96,13.75,1.12,2
2026-08-23 03:43:34,Faridabad,28.4089,77.3178,0.2082,8.54,29.51,35.72,15.59,1.39,2
2026-08-23 03:43:34,Ghaziabad,28.6692,77.4538,0.2355,9.62,27.03,38.63,17.8,1.31,2
2026-08-23 03:43:34,Gurgaon,28.4595,77.0266,0.1838,7.49,33.42,34.13,13.78,1.49,2
2026-08-23 03:43:34,Noida,28.5355,77.391,0.2082,8.54,29.51,35.72,15.59,1.39,2
2026-08-23 12:56:57,Delhi,28.7041,77.1025,0.1467,1.15,81,43.44,21.46,0.53,2
2026-08-23 12:56:57,Faridabad,28.4089,77.3178,0.1595,1.25,84.27,46.38,24.97,0.85,2
2026-08-23 12:56:57,Ghaziabad,28.6692,77.4538,0.1727,1.38,87.18,47.75,27.3,0.76,3
2026-08-23 12:56:57,Gurgaon,28.4595,77.0266,0.1474,1.15,82.38,45.06,22.27,0.85,2
2026-08-23 12:56:57,Noida,28.5355,77.391,0.1595,1.25,84.27,46.38,24.97,0.85,2
2026-08-23 13:48:36,Delhi,28.7041,77.1025,0.138,0.97,81.58,40.47,19.53,0.46,2
2026-08-23 13:48:36,Faridabad,28.4089,77.3178,0.1464,1.02,85.13,42.64,22.17,0.69,2
2026-08-23 13:48:36,Ghaziabad,28.6692,77.4538,0.1571,1.16,90.15,45.55,24.99,0.67,2
2026-08-23 13:48:36,Gurgaon,28.4595,77.0266,0.1379,0.96,82.33,41.37,19.86,0.7,2
2026-08-23 13:48:36,Noida,28.5355,77.391,0.1464,1.02,85.13,42.64,22.17,0.69,2
2026-08-23 14:18:44,Delhi,28.7041,77.1025,0.1362,0.99,82.72,39.35,18.97,0.47,2
2026-08-23 14:18:44,Faridabad,28.4089,77.3178,0.1426,1.01,85.96,40.95,21.07,0.65,2
2026-08-23 14:18:44,Ghaziabad,28.6692,77.4538,0.1512,1.14,90.95,43.9,23.65,0.64,2
2026-08-23 14:18:44,Gurgaon,28.4595,77.0266,0.136,0.97,83.29,39.94,19.14,0.68,2
2026-08-23 14:18:44,Noida,28.5355,77.391,0.1426,1.01,85.96,40.95,21.07,0.65,2
2026-08-23 14:48:50,Delhi,28.7041,77.1025,0.1362,0.99,82.72,39.35,18.97,0.47,2
2026-08-23 14:48:50,Faridabad,28.4089,77.3178,0.1426,1.01,85.96,40.95,21.07,0.65,2
2026-08-23 14:48:50,Ghaziabad,28.6692,77.4538,0.1512,1.14,90.95,43.9,23.65,0.64,2
2026-08-23 14:48:50,Gurgaon,28.4595,77.0266,0.136,0.97,83.29,39.94,19.14,0.68,2
2026-08-23 14:48:50,Noida,28.5355,77.391,0.1426,1.01,85.96,40.95,21.07,0.65,2
2026-08-23 15:18:57,Delhi,28.7041,77.1025,0.1429,1.53,82.45,39.1,19.18,0.56,2
2026-08-23 15:18:57,Faridabad,28.4089,77.3178,0.1467,1.48,84.78,39.7,20.44,0.69,2
2026-08-23 15:18:57,Ghaziabad,28.6692,77.4538,0.1589,1.95,87.79,42.93,23.23,0.72,2
2026-08-23 15:18:57,Gurgaon,28.4595,77.0266,0.1403,1.36,83.29,39.13,18.91,0.73,2
2026-08-23 15:18:57,Noida,28.5355,77.391,0.1467,1.48,84.78,39.7,20.44,0.69,2
2026-08-23 15:49:17,Delhi,28.7041,77.1025,0.1429,1.53,82.45,39.1,19.18,0.56,2
2026-08-23 15:49:17,Faridabad,28.4089,77.3178,0.1467,1.48,84.78,39.7,20.44,0.69,2
2026-08-23 15:49:17,Ghaziabad,28.6692,77.4538,0.1589,1.95,87.79,42.93,23.23,0.72,2
2026-08-23 15:49:17,Gurgaon,28.4595,77.0266,0.1403,1.36,83.29,39.13,18.91,0.73,2
2026-08-23 15:49:17,Noida,28.5355,77.391,0.1467,1.48,84.78,39.7,20.44,0.69,2
2026-08-23 16:19:24,Delhi,28.7041,77.1025,0.1578,2.81,79.44,39.6,19.94,0.7,2
2026-08-23 16:19:24,Faridabad,28.4089,77.3178,0.1583,2.66,81.04,38.92,20.19,0.8,2
2026-08-23 16:19:24,Ghaziabad,28.6692,77.4538,0.1813,3.99,81.32,42.87,23.73,0.88,2
2026-08-23 16:19:24,Gurgaon,28.4595,77.0266,0.1502,2.3,81.06,38.8,18.98,0.84,2
2026-08-23 16:19:24,Noida,28.5355,77.391,0.1583,2.66,81.04,38.92,20.19,0.8,2
2026-08-23 16:49:30,Delhi,28.7041,77.1025,0.1578,2.81,79.44,39.6,19.94,0.7,2
2026-08-23 16:49:30,Faridabad,28.4089,77.3178,0.1583,2.66,81.04,38.92,20.19,0.8,2
2026-08-23 16:49:30,Ghaziabad,28.6692,77.4538,0.1813,3.99,81.32,42.87,23.73,0.88,2
2026-08-23 16:49:30,Gurgaon,28.4595,77.0266,0.1502,2.3,81.06,38.8,18.98,0.84,2
2026-08-23 16:49:30,Noida,28.5355,77.391,0.1583,2.66,81.04,38.92,20.19,0.8,2
2026-08-23 17:19:33,Delhi,28.7041,77.1025,0.1754,4.88,74.11,39.96,20.26,0.84,2
2026-08-23 17:19:33,Faridabad,28.4089,77.3178,0.1734,4.6,75.86,38.42,19.87,0.93,2
2026-08-23 17:19:33,Ghaziabad,28.6692,77.4538,0.2086,7.3,72.5,42.48,23.71,1.08,2
2026-08-23 17:19:33,Gurgaon,28.4595,77.0266,0.1622,3.84,77.09,38.68,18.88,0.97,2
2026-08-23 17:19:33,Noida,28.5355,77.391,0.1734,4.6,75.86,38.42,19.87,0.93,2
2026-08-23 17:49:41,Delhi,28.7041,77.1025,0.1754,4.88,74.11,39.96,20.26,0.84,2
2026-08-23 17:49:41,Faridabad,28.4089,77.3178,0.1734,4.6,75.86,38.42,19.87,0.93,2
2026-08-23 17:49:41,Ghaziabad,28.6692,77.4538,0.2086,7.3,72.5,42.48,23.71,1.08,2
2026-08-23 17:49:41,Gurgaon,28.4595,77.0266,0.1622,3.84,77.09,38.68,18.88,0.97,2
2026-08-23 17:49:41,Noida,28.5355,77.391,0.1734,4.6,75.86,38.42,19.87,0.93,2
2026-08-23 18:40:06,Delhi,28.7041,77.1025,0.2069,8.76,61.22,40.83,20.66,1.07,2
2026-08-23 18:40:06,Faridabad,28.4089,77.3178,0.203,8.31,63.98,38.97,20.11,1.2,2
2026-08-23 18:40:06,Ghaziabad,28.6692,77.4538,0.2437,11.64,61.13,42.37,23.72,1.36,2
2026-08-23 18:40:06,Gurgaon,28.4595,77.0266,0.19,7.34,65,39.66,19.26,1.22,2
2026-08-23 18:40:06,Noida,28.5355,77.391,0.203,8.31,63.98,38.97,20.11,1.2,2
2026-08-23 18:50:57,Delhi,28.7041,77.1025,0.1746,7.05,59.7,30.68,14.33,0.77,2
2026-08-23 18:50:57,Faridabad,28.4089,77.3178,0.1731,6.3,62.3,26.96,13.61,0.88,2
2026-08-23 18:50:57,Ghaziabad,28.6692,77.4538,0.1659,5.47,66.61,26.11,13.09,0.76,2
2026-08-23 18:50:57,Gurgaon,28.4595,77.0266,0.1749,6.89,60.62,29.84,14.33,0.98,2
2026-08-23 18:50:57,Noida,28.5355,77.391,0.1731,6.3,62.3,26.96,13.61,0.88,2
2026-08-23 13:44:32,Delhi,28.7041,77.1025,0.2173,10.78,45.76,32.93,15.66,1.1,2
2026-08-23 13:44:32,Faridabad,28.4089,77.3178,0.2115,9.71,49.37,28.79,14.83,1.18,2
2026-08-23 13:44:32,Ghaziabad,28.6692,77.4538,0.202,8.62,54.17,27.05,14.18,1.08,2
2026-08-23 13:44:32,Gurgaon,28.4595,77.0266,0.2201,10.91,46.07,32.44,15.84,1.3,2
2026-08-23 13:44:32,Noida,28.5355,77.391,0.2115,9.71,49.37,28.79,14.83,1.18,2
2026-08-23 14:16:05,Delhi,28.7041,77.1025,0.2173,10.78,45.76,32.93,15.66,1.1,2
2026-08-23 14:16:05,Faridabad,28.4089,77.3178,0.2115,9.71,49.37,28.79,14.83,1.18,2
2026-08-23 14:16:05,Ghaziabad,28.6692,77.4538,0.202,8.62,54.17,27.05,14.18,1.08,2
2026-08-23 14:16:05,Gurgaon,28.4595,77.0266,0.2201,10.91,46.07,32.44,15.84,1.3,2
2026-08-23 14:16:05,Noida,28.5355,77.391,0.2115,9.71,49.37,28.79,14.83,1.18,2
2026-08-23 14:25:04,Delhi,28.7041,77.1025,0.2173,10.78,45.76,32.93,15.66,1.1,2
2026-08-23 14:25:04,Faridabad,28.4089,77.3178,0.2115,9.71,49.37,28.79,14.83,1.18,2
2026-08-23 14:25:04,Ghaziabad,28.6692,77.4538,0.202,8.62,54.17,27.05,14.18,1.08,2
2026-08-23 14:25:04,Gurgaon,28.4595,77.0266,0.2201,10.91,46.07,32.44,15.84,1.3,2
2026-08-23 14:25:04,Noida,28.5355,77.391,0.2115,9.71,49.37,28.79,14.83,1.18,2
2026-08-23 14:48:23,Delhi,28.7041,77.1025,0.2572,13.57,35.44,35.38,17.23,1.33,2
2026-08-23 14:48:23,Faridabad,28.4089,77.3178,0.2457,11.95,40.01,30.55,16.11,1.36,2
2026-08-23 14:48:23,Ghaziabad,28.6692,77.4538,0.2347,10.58,45.12,27.84,15.4,1.28,2
2026-08-23 14:48:23,Gurgaon,28.4595,77.0266,0.261,13.8,35.53,35.17,17.46,1.5,2
2026-08-23 14:48:23,Noida,28.5355,77.391,0.2457,11.95,40.01,30.55,16.11,1.36,2
2026-08-23 15:14:56,Delhi,28.7041,77.1025,0.2572,13.57,35.44,35.38,17.23,1.33,2
2026-08-23 15:14:56,Faridabad,28.4089,77.3178,0.2457,11.95,40.01,30.55,16.11,1.36,2
2026-08-23 15:14:56,Ghaziabad,28.6692,77.4538,0.2347,10.58,45.12,27.84,15.4,1.28,2
2026-08-23 15:14:56,Gurgaon,28.4595,77.0266,0.261,13.8,35.53,35.17,17.46,1.5,2
2026-08-23 15:14:56,Noida,28.5355,77.391,0.2457,11.95,40.01,30.55,16.11,1.36,2
2026-08-23 15:45:39,Delhi,28.7041,77.1025,0.2886,15.41,28.26,37.35,18.67,1.43,2
2026-08-23 15:45:39,Faridabad,28.4089,77.3178,0.2692,13.14,33.49,31.57,17.02,1.4,2
2026-08-23 15:45:39,Ghaziabad,28.6692,77.4538,0.2579,11.61,38.61,28.33,16.34,1.36,2
2026-08-23 15:45:39,Gurgaon,28.4595,77.0266,0.2907,15.53,28.19,36.93,18.71,1.53,2
2026-08-23 15:45:39,Noida,28.5355,77.391,0.2692,13.14,33.49,31.57,17.02,1.4,2
2026-08-23 16:16:30,Delhi,28.7041,77.1025,0.2886,15.41,28.26,37.35,18.67,1.43,2
2026-08-23 16:16:30,Faridabad,28.4089,77.3178,0.2692,13.14,33.49,31.57,17.02,1.4,2
2026-08-23 16:16:30,Ghaziabad,28.6692,77.4538,0.2579,11.61,38.61,28.33,16.34,1.36,2
2026-08-23 16:16:30,Gurgaon,28.4595,77.0266,0.2907,15.53,28.19,36.93,18.71,1.53,2
2026-08-23 16:16:30,Noida,28.5355,77.391,0.2692,13.14,33.49,31.57,17.02,1.4,2
2026-08-23 16:49:52,Delhi,28.7041,77.1025,0.3135,16.56,23.76,39.63,20.09,1.46,2
2026-08-23 16:49:52,Faridabad,28.4089,77.3178,0.2873,13.8,29.17,32.75,17.83,1.38,2
2026-08-23 16:49:52,Ghaziabad,28.6692,77.4538,0.278,12.25,33.47,29.3,17.22,1.38,2
2026-08-23 16:49:52,Gurgaon,28.4595,77.0266,0.3133,16.56,23.72,38.78,19.84,1.53,2
2026-08-23 16:49:52,Noida,28.5355,77.391,0.2873,13.8,29.17,32.75,17.83,1.38,2
2026-08-23 17:14:55,Delhi,28.7041,77.1025,0.3135,16.56,23.76,39.63,20.09,1.46,2
2026-08-23 17:14:55,Faridabad,28.4089,77.3178,0.2873,13.8,29.17,32.75,17.83,1.38,2
2026-08-23 17:14:55,Ghaziabad,28.6692,77.4538,0.278,12.25,33.47,29.3,17.22,1.38,2
2026-08-23 17:14:55,Gurgaon,28.4595,77.0266,0.3133,16.56,23.72,38.78,19.84,1.53,2
2026-08-23 17:14:55,Noida,28.5355,77.391,0.2873,13.8,29.17,32.75,17.83,1.38,2
2026-08-23 17:43:36,Delhi,28.7041,77.1025,0.322,16.82,22,41.89,21.06,1.36,2
2026-08-23 17:43:36,Faridabad,28.4089,77.3178,0.2949,14.04,26.54,34,18.44,1.27,2
2026-08-23 17:43:36,Ghaziabad,28.6692,77.4538,0.2905,12.68,29.17,30.29,17.94,1.26,2
2026-08-23 17:43:36,Gurgaon,28.4595,77.0266,0.3206,16.82,21.91,40.64,20.61,1.43,2
2026-08-23 17:43:36,Noida,28.5355,77.391,0.2949,14.04,26.54,34,18.44,1.27,2
2026-08-23 18:18:45,Delhi,28.7041,77.1025,0.322,16.82,22,41.89,21.06,1.36,2
2026-08-23 18:18:45,Faridabad,28.4089,77.3178,0.2949,14.04,26.54,34,18.44,1.27,2
2026-08-23 18:18:45,Ghaziabad,28.6692,77.4538,0.2905,12.68,29.17,30.29,17.94,1.26,2
2026-08-23 18:18:45,Gurgaon,28.4595,77.0266,0.3206,16.82,21.91,40.64,20.61,1.43,2
2026-08-23 18:18:45,Noida,28.5355,77.391,0.2949,14.04,26.54,34,18.44,1.27,2
2026-08-23 18:56:07,Delhi,28.7041,77.1025,0.3003,14.71,25.69,44.27,21.09,1.26,2
2026-08-23 18:56:07,Faridabad,28.4089,77.3178,0.2851,13.03,27.06,35.69,18.61,1.19,2
2026-08-23 18:56:07,Ghaziabad,28.6692,77.4538,0.2972,12.81,25.86,31.74,18.63,1.09,2
2026-08-23 18:56:07,Gurgaon,28.4595,77.0266,0.2961,14.62,25.74,42.49,20.34,1.43,2
2026-08-23 18:56:07,Noida,28.5355,77.391,0.2851,13.03,27.06,35.69,18.61,1.19,2
2026-08-23 19:17:28,Delhi,28.7041,77.1025,0.3003,14.71,25.69,44.27,21.09,1.26,2
2026-08-23 19:17:28,Faridabad,28.4089,77.3178,0.2851,13.03,27.06,35.69,18.61,1.19,2
2026-08-23 19:17:28,Ghaziabad,28.6692,77.4538,0.2972,12.81,25.86,31.74,18.63,1.09,2
2026-08-23 19:17:28,Gurgaon,28.4595,77.0266,0.2961,14.62,25.74,42.49,20.34,1.43,2
2026-08-23 19:17:28,Noida,28.5355,77.391,0.2851,13.03,27.06,35.69,18.61,1.19,2
2026-08-23 19:43:58,Delhi,28.7041,77.1025,0.2873,13.49,25.81,45.88,21.25,1.18,2
2026-08-23 19:43:58,Faridabad,28.4089,77.3178,0.2819,12.5,26.05,37.85,19.17,1.2,2
2026-08-23 19:43:58,Ghaziabad,28.6692,77.4538,0.306,12.92,23.26,34.43,19.75,1.06,2
2026-08-23 19:43:58,Gurgaon,28.4595,77.0266,0.2801,13.22,26.4,43.84,20.28,1.42,2
2026-08-23 19:43:58,Noida,28.5355,77.391,0.2819,12.5,26.05,37.85,19.17,1.2,2
2026-08-23 20:14:25,Delhi,28.7041,77.1025,0.2873,13.49,25.81,45.88,21.25,1.18,2
2026-08-23 20:14:25,Faridabad,28.4089,77.3178,0.2819,12.5,26.05,37.85,19.17,1.2,2
2026-08-23 20:14:25,Ghaziabad,28.6692,77.4538,0.306,12.92,23.26,34.43,19.75,1.06,2
2026-08-23 20:14:25,Gurgaon,28.4595,77.0266,0.2801,13.22,26.4,43.84,20.28,1.42,2
2026-08-23 20:14:25,Noida,28.5355,77.391,0.2819,12.5,26.05,37.85,19.17,1.2,2
2026-08-23 20:47:18,Delhi,28.7041,77.1025,0.2713,12.07,25.85,46.32,20.94,1.06,2
2026-08-23 20:47:18,Faridabad,28.4089,77.3178,0.2778,11.85,25.11,39.58,19.58,1.23,2
2026-08-23 20:47:18,Ghaziabad,28.6692,77.4538,0.3139,12.77,21.02,36.72,20.71,1.06,2
2026-08-23 20:47:18,Gurgaon,28.4595,77.0266,0.263,11.81,26.95,44.44,19.96,1.41,2
2026-08-23 20:47:18,Noida,28.5355,77.391,0.2778,11.85,25.11,39.58,19.58,1.23,2
2026-08-23 21:14:40,Delhi,28.7041,77.1025,0.2713,12.07,25.85,46.32,20.94,1.06,2
2026-08-23 21:14:40,Faridabad,28.4089,77.3178,0.2778,11.85,25.11,39.58,19.58,1.23,2
2026-08-23 21:14:40,Ghaziabad,28.6692,77.4538,0.3139,12.77,21.02,36.72,20.71,1.06,2
2026-08-23 21:14:40,Gurgaon,28.4595,77.0266,0.263,11.81,26.95,44.44,19.96,1.41,2
2026-08-23 21:14:40,Noida,28.5355,77.391,0.2778,11.85,25.11,39.58,19.58,1.23,2
2026-08-23 21:44:12,Delhi,28.7041,77.1025,0.2511,10.5,26.04,44.35,19.87,0.9,2
2026-08-23 21:44:12,Faridabad,28.4089,77.3178,0.2716,11.11,23.95,39.91,19.54,1.23,2
2026-08-23 21:44:12,Ghaziabad,28.6692,77.4538,0.3195,12.39,18.04,37.44,21.11,1.02,2
2026-08-23 21:44:12,Gurgaon,28.4595,77.0266,0.2436,10.38,27.59,43.32,19.12,1.37,2
2026-08-23 21:44:12,Noida,28.5355,77.391,0.2716,11.11,23.95,39.91,19.54,1.23,2
2026-08-23 22:14:32,Delhi,28.7041,77.1025,0.2511,10.5,26.04,44.35,19.87,0.9,2
2026-08-23 22:14:32,Faridabad,28.4089,77.3178,0.2716,11.11,23.95,39.91,19.54,1.23,2
2026-08-23 22:14:32,Ghaziabad,28.6692,77.4538,0.3195,12.39,18.04,37.44,21.11,1.02,2
2026-08-23 22:14:32,Gurgaon,28.4595,77.0266,0.2436,10.38,27.59,43.32,19.12,1.37,2
2026-08-23 22:14:32,Noida,28.5355,77.391,0.2716,11.11,23.95,39.91,19.54,1.23,2
2026-08-23 22:46:37,Delhi,28.7041,77.1025,0.2432,9.97,24.11,41.86,19.14,0.77,2
2026-08-23 22:46:37,Faridabad,28.4089,77.3178,0.2713,10.93,21.62,39.79,19.62,1.17,2
2026-08-23 22:46:37,Ghaziabad,28.6692,77.4538,0.3267,12.37,14.99,38.23,21.59,0.98,2
2026-08-23 22:46:37,Gurgaon,28.4595,77.0266,0.2352,9.84,26.16,41.51,18.53,1.27,2
2026-08-23 22:46:37,Noida,28.5355,77.391,0.2713,10.93,21.62,39.79,19.62,1.17,2
2026-08-23 23:14:28,Delhi,28.7041,77.1025,0.2432,9.97,24.11,41.86,19.14,0.77,2
2026-08-23 23:14:28,Faridabad,28.4089,77.3178,0.2713,10.93,21.62,39.79,19.62,1.17,2
2026-08-23 23:14:28,Ghaziabad,28.6692,77.4538,0.3267,12.37,14.99,38.23,21.59,0.98,2
2026-08-23 23:14:28,Gurgaon,28.4595,77.0266,0.2352,9.84,26.16,41.51,18.53,1.27,2
2026-08-23 23:14:28,Noida,28.5355,77.391,0.2713,10.93,21.62,39.79,19.62,1.17,2
2026-08-23 23:43:36,Delhi,28.7041,77.1025,0.2414,9.97,22.04,40.61,18.66,0.73,2
2026-08-23 23:43:36,Faridabad,28.4089,77.3178,0.2741,11.1,19.33,40.03,19.75,1.14,2
2026-08-23 23:43:36,Ghaziabad,28.6692,77.4538,0.3349,12.69,12.36,39.24,22.06,0.99,2
2026-08-23 23:43:36,Gurgaon,28.4595,77.0266,0.2325,9.8,24.35,40.47,18.11,1.21,2
2026-08-23 23:43:36,Noida,28.5355,77.391,0.2741,11.1,19.33,40.03,19.75,1.14,2
2026-08-24 00:47:23,Delhi,28.7041,77.1025,0.249,10.57,19.58,40.76,18.48,0.82,2
2026-08-24 00:47:23,Faridabad,28.4089,77.3178,0.2854,11.77,16.6,40.43,19.92,1.24,2
2026-08-24 00:47:23,Ghaziabad,28.6692,77.4538,0.3518,13.56,9.62,40.4,22.49,1.15,2
2026-08-24 00:47:23,Gurgaon,28.4595,77.0266,0.2386,10.3,21.93,40.31,17.9,1.27,2
2026-08-24 00:47:23,Noida,28.5355,77.391,0.2854,11.77,16.6,40.43,19.92,1.24,2
2026-08-24 02:19:19,Delhi,28.7041,77.1025,0.2647,10.87,18.83,42.3,18.42,1.05,2
2026-08-24 02:19:19,Faridabad,28.4089,77.3178,0.3066,12,15.37,41.61,20.18,1.49,2
2026-08-24 02:19:19,Ghaziabad,28.6692,77.4538,0.3792,13.73,8.85,42.18,22.92,1.46,2
2026-08-24 02:19:19,Gurgaon,28.4595,77.0266,0.2535,10.64,20.71,41.37,17.86,1.48,2
2026-08-24 02:19:19,Noida,28.5355,77.391,0.3066,12,15.37,41.61,20.18,1.49,2
2026-08-24 03:30:35,Delhi,28.7041,77.1025,0.1885,6.22,40.1,45.49,15.38,0.84,2
2026-08-24 03:30:35,Faridabad,28.4089,77.3178,0.24,7.75,33.48,43.17,17.59,1.36,2
2026-08-24 03:30:35,Ghaziabad,28.6692,77.4538,0.2521,8.3,35.19,44.74,18.53,1.24,2
2026-08-24 03:30:35,Gurgaon,28.4595,77.0266,0.2035,6.9,36.64,43.16,15.64,1.35,2
2026-08-24 03:30:35,Noida,28.5355,77.391,0.24,7.75,33.48,43.17,17.59,1.36,2
2026-08-24 04:22:50,Delhi,28.7041,77.1025,0.1885,6.22,40.1,45.49,15.38,0.84,2
2026-08-24 04:22:50,Faridabad,28.4089,77.3178,0.24,7.75,33.48,43.17,17.59,1.36,2
2026-08-24 04:22:50,Ghaziabad,28.6692,77.4538,0.2521,8.3,35.19,44.74,18.53,1.24,2
2026-08-24 04:22:50,Gurgaon,28.4595,77.0266,0.2035,6.9,36.64,43.16,15.64,1.35,2
2026-08-24 04:22:50,Noida,28.5355,77.391,0.24,7.75,33.48,43.17,17.59,1.36,2
2026-08-24 05:10:30,Delhi,28.7041,77.1025,0.1719,5.31,45.3,48.36,15.28,0.82,2
2026-08-24 05:10:30,Faridabad,28.4089,77.3178,0.2153,6.2,41.52,45.48,17.49,1.25,2
2026-08-24 05:10:30,Ghaziabad,28.6692,77.4538,0.2212,6.88,42.32,49.11,18.08,1.19,2
2026-08-24 05:10:30,Gurgaon,28.4595,77.0266,0.1855,5.45,43.95,44.84,15.62,1.22,2
2026-08-24 05:10:30,Noida,28.5355,77.391,0.2153,6.2,41.52,45.48,17.49,1.25,2
2026-08-24 06:01:56,Delhi,28.7041,77.1025,0.1662,4.59,50.78,51.87,16.21,0.83,3
2026-08-24 06:01:56,Faridabad,28.4089,77.3178,0.1986,4.99,52.49,50.24,19.83,1.17,3
2026-08-24 06:01:56,Ghaziabad,28.6692,77.4538,0.2089,6.2,47.36,53.17,18.58,1.15,3
2026-08-24 06:01:56,Gurgaon,28.4595,77.0266,0.175,4.26,54.61,49.26,17.96,1.16,2
2026-08-24 06:01:56,Noida,28.5355,77.391,0.1986,4.99,52.49,50.24,19.83,1.17,3
2026-08-24 07:35:48,Delhi,28.7041,77.1025,0.1316,1.32,76.56,45.47,15.27,0.76,2
2026-08-24 07:35:48,Faridabad,28.4089,77.3178,0.1411,1.34,78.68,37.88,14.82,0.71,2
2026-08-24 07:35:48,Ghaziabad,28.6692,77.4538,0.1554,1.69,79.88,33.18,13.64,0.72,2
2026-08-24 07:35:48,Gurgaon,28.4595,77.0266,0.1312,1.21,77.65,43.11,15.51,0.78,2
2026-08-24 07:35:48,Noida,28.5355,77.391,0.1411,1.34,78.68,37.88,14.82,0.71,2
2026-08-24 08:39:22,Delhi,28.7041,77.1025,0.132,1.06,82.93,45.48,16.48,0.8,2
2026-08-24 08:39:22,Faridabad,28.4089,77.3178,0.1409,1.13,83.91,36.75,15.04,0.72,2
2026-08-24 08:39:22,Ghaziabad,28.6692,77.4538,0.156,1.3,87.59,32.89,14.84,0.73,2
2026-08-24 08:39:22,Gurgaon,28.4595,77.0266,0.1311,1.05,82.34,42.52,15.97,0.79,2
2026-08-24 08:39:22,Noida,28.5355,77.391,0.1409,1.13,83.91,36.75,15.04,0.72,2
2026-08-24 09:39:01,Delhi,28.7041,77.1025,0.1366,1.27,86.41,48.06,18.31,0.88,2
2026-08-24 09:39:01,Faridabad,28.4089,77.3178,0.1452,1.37,86.87,38.15,16.09,0.81,2
2026-08-24 09:39:01,Ghaziabad,28.6692,77.4538,0.1624,1.63,91.16,35.91,16.88,0.87,2
2026-08-24 09:39:01,Gurgaon,28.4595,77.0266,0.1349,1.26,85.27,43.96,17.09,0.88,2
2026-08-24 09:39:01,Noida,28.5355,77.391,0.1452,1.37,86.87,38.15,16.09,0.81,2
2026-08-24 10:30:47,Delhi,28.7041,77.1025,0.1366,1.27,86.41,48.06,18.31,0.88,2
2026-08-24 10:30:47,Faridabad,28.4089,77.3178,0.1536,2.27,85.88,40.24,17.54,0.96,2
2026-08-24 10:30:47,Ghaziabad,28.6692,77.4538,0.1771,2.98,89.14,39.74,19.49,1.11,2
2026-08-24 10:30:47,Gurgaon,28.4595,77.0266,0.1416,2.02,84.62,45.85,18.4,1.01,2
2026-08-24 10:30:47,Noida,28.5355,77.391,0.1536,2.27,85.88,40.24,17.54,0.96,2
2026-08-24 11:04:13,Delhi,28.7041,77.1025,0.1453,2.17,85.28,51.23,20.32,1,3
2026-08-24 11:04:13,Faridabad,28.4089,77.3178,0.1536,2.27,85.88,40.24,17.54,0.96,2
2026-08-24 11:04:13,Ghaziabad,28.6692,77.4538,0.1771,2.98,89.14,39.74,19.49,1.11,2
2026-08-24 11:04:13,Gurgaon,28.4595,77.0266,0.1416,2.02,84.62,45.85,18.4,1.01,2
2026-08-24 11:04:13,Noida,28.5355,77.391,0.1536,2.27,85.88,40.24,17.54,0.96,2
2026-08-24 11:52:10,Delhi,28.7041,77.1025,0.158,3.71,81.47,53.52,21.88,1.15,3
2026-08-24 11:52:10,Faridabad,28.4089,77.3178,0.1663,3.78,82.83,41.65,18.8,1.14,2
2026-08-24 11:52:10,Ghaziabad,28.6692,77.4538,0.1998,5.28,84.54,42.67,22.02,1.38,2
2026-08-24 11:52:10,Gurgaon,28.4595,77.0266,0.1514,3.28,81.85,46.97,19.35,1.16,2
2026-08-24 11:52:10,Noida,28.5355,77.391,0.1663,3.78,82.83,41.65,18.8,1.14,2
2026-08-24 12:31:56,Delhi,28.7041,77.1025,0.198,7.88,67.76,54.98,23.72,1.53,3
2026-08-24 12:31:56,Faridabad,28.4089,77.3178,0.214,8.54,67.49,43.38,20.88,1.63,2
2026-08-24 12:31:56,Ghaziabad,28.6692,77.4538,0.2744,12.09,62.68,45.77,25.48,1.98,3
2026-08-24 12:31:56,Gurgaon,28.4595,77.0266,0.188,7.2,69.36,48.13,20.92,1.59,2
2026-08-24 12:31:56,Noida,28.5355,77.391,0.214,8.54,67.49,43.38,20.88,1.63,2
2026-08-24 13:44:07,Delhi,28.7041,77.1025,0.2719,12.57,54.14,62.77,28.75,2.05,3
2026-08-24 13:44:07,Faridabad,28.4089,77.3178,0.2923,12.36,58.43,52.22,29.23,2.12,3
2026-08-24 13:44:07,Ghaziabad,28.6692,77.4538,0.316,12.63,65.78,44.33,27.19,2.36,3
2026-08-24 13:44:07,Gurgaon,28.4595,77.0266,0.2724,12.56,52.71,57.57,28.19,2.06,3
2026-08-24 13:44:07,Noida,28.5355,77.391,0.2923,12.36,58.43,52.22,29.23,2.12,3
2026-08-24 14:34:35,Delhi,28.7041,77.1025,0.327,15.99,39.6,67.08,31.39,2.2,3
2026-08-24 14:34:35,Faridabad,28.4089,77.3178,0.3297,14.58,46.46,53.53,30.03,2.22,3
2026-08-24 14:34:35,Ghaziabad,28.6692,77.4538,0.3681,15.63,49.84,49.16,30.2,2.44,3
2026-08-24 14:34:35,Gurgaon,28.4595,77.0266,0.3169,15.33,40.77,59.71,29.65,2.24,3
2026-08-24 14:34:35,Noida,28.5355,77.391,0.3297,14.58,46.46,53.53,30.03,2.22,3
2026-08-24 15:32:39,Delhi,28.7041,77.1025,0.363,17.69,30.06,67.99,32.65,2.17,3
2026-08-24 15:32:39,Faridabad,28.4089,77.3178,0.3524,15.6,38.04,53.6,30.22,2.14,3
2026-08-24 15:32:39,Ghaziabad,28.6692,77.4538,0.3964,16.76,38.46,51.08,31.6,2.32,3
2026-08-24 15:32:39,Gurgaon,28.4595,77.0266,0.347,16.81,32.87,60.14,30.34,2.21,3
2026-08-24 15:32:39,Noida,28.5355,77.391,0.3524,15.6,38.04,53.6,30.22,2.14,3
2026-08-24 16:26:44,Delhi,28.7041,77.1025,0.363,17.69,30.06,67.99,32.65,2.17,3
2026-08-24 16:26:44,Faridabad,28.4089,77.3178,0.3524,15.6,38.04,53.6,30.22,2.14,3
2026-08-24 16:26:44,Ghaziabad,28.6692,77.4538,0.3964,16.76,38.46,51.08,31.6,2.32,3
2026-08-24 16:26:44,Gurgaon,28.4595,77.0266,0.347,16.81,32.87,60.14,30.34,2.21,3
2026-08-24 16:26:44,Noida,28.5355,77.391,0.3524,15.6,38.04,53.6,30.22,2.14,3
2026-08-24 17:04:45,Delhi,28.7041,77.1025,0.3879,18.47,24.33,68.22,33.52,2.07,3
2026-08-24 17:04:45,Faridabad,28.4089,77.3178,0.3698,16.15,32.22,54.23,30.56,2.03,3
2026-08-24 17:04:45,Ghaziabad,28.6692,77.4538,0.4178,17.29,30.75,52.65,32.61,2.17,3
2026-08-24 17:04:45,Gurgaon,28.4595,77.0266,0.3689,17.55,27.9,60.66,30.98,2.12,3
2026-08-24 17:04:45,Noida,28.5355,77.391,0.3698,16.15,32.22,54.23,30.56,2.03,3
2026-08-24 17:56:53,Delhi,28.7041,77.1025,0.3934,18.5,21.47,67.7,33.57,1.82,3
2026-08-24 17:56:53,Faridabad,28.4089,77.3178,0.3757,16.36,28.18,54.44,30.5,1.83,3
2026-08-24 17:56:53,Ghaziabad,28.6692,77.4538,0.4271,17.6,24.62,53.79,32.97,1.89,3
2026-08-24 17:56:53,Gurgaon,28.4595,77.0266,0.3761,17.7,25.22,60.57,31.08,1.94,3
2026-08-24 17:56:53,Noida,28.5355,77.391,0.3757,16.36,28.18,54.44,30.5,1.83,3
2026-08-24 18:31:15,Delhi,28.7041,77.1025,0.3746,17.08,21.81,66.19,32.53,1.54,3
2026-08-24 18:31:15,Faridabad,28.4089,77.3178,0.3633,15.44,26.84,53.99,29.77,1.61,3
2026-08-24 18:31:15,Ghaziabad,28.6692,77.4538,0.4221,17.24,20.06,54.67,32.78,1.52,3
2026-08-24 18:31:15,Gurgaon,28.4595,77.0266,0.3576,16.16,26.33,59.36,30.14,1.76,3
2026-08-24 18:31:15,Noida,28.5355,77.391,0.3633,15.44,26.84,53.99,29.77,1.61,3
2026-08-24 19:11:51,Delhi,28.7041,77.1025,0.3746,17.08,21.81,66.19,32.53,1.54,3
2026-08-24 19:11:51,Faridabad,28.4089,77.3178,0.3633,15.44,26.84,53.99,29.77,1.61,3
2026-08-24 19:11:51,Ghaziabad,28.6692,77.4538,0.4221,17.24,20.06,54.67,32.78,1.52,3
2026-08-24 19:11:51,Gurgaon,28.4595,77.0266,0.3576,16.16,26.33,59.36,30.14,1.76,3
2026-08-24 19:11:51,Noida,28.5355,77.391,0.3633,15.44,26.84,53.99,29.77,1.61,3
2026-08-24 19:53:02,Delhi,28.7041,77.1025,0.3652,16.17,20.41,65.44,32.11,1.33,3
2026-08-24 19:53:02,Faridabad,28.4089,77.3178,0.3571,14.8,24.83,54.31,29.56,1.46,3
2026-08-24 19:53:02,Ghaziabad,28.6692,77.4538,0.418,16.77,16.47,55.8,32.85,1.31,3
2026-08-24 19:53:02,Gurgaon,28.4595,77.0266,0.3488,15.25,25.22,59.18,29.81,1.58,3
2026-08-24 19:53:02,Noida,28.5355,77.391,0.3571,14.8,24.83,54.31,29.56,1.46,3
2026-08-24 20:22:31,Delhi,28.7041,77.1025,0.3652,16.17,20.41,65.44,32.11,1.33,3
2026-08-24 20:22:31,Faridabad,28.4089,77.3178,0.3571,14.8,24.83,54.31,29.56,1.46,3
2026-08-24 20:22:31,Ghaziabad,28.6692,77.4538,0.418,16.77,16.47,55.8,32.85,1.31,3
2026-08-24 20:22:31,Gurgaon,28.4595,77.0266,0.3488,15.25,25.22,59.18,29.81,1.58,3
2026-08-24 20:22:31,Noida,28.5355,77.391,0.3571,14.8,24.83,54.31,29.56,1.46,3
2026-08-24 20:57:18,Delhi,28.7041,77.1025,0.3561,15.39,18.93,65.57,31.92,1.15,3
2026-08-24 20:57:18,Faridabad,28.4089,77.3178,0.354,14.34,22.76,55.6,29.74,1.37,3
2026-08-24 20:57:18,Ghaziabad,28.6692,77.4538,0.415,16.3,13.97,57.19,33.09,1.21,3
2026-08-24 20:57:18,Gurgaon,28.4595,77.0266,0.3431,14.67,23.36,60.17,29.88,1.43,3
2026-08-24 20:57:18,Noida,28.5355,77.391,0.354,14.34,22.76,55.6,29.74,1.37,3
2026-08-24 21:24:18,Delhi,28.7041,77.1025,0.3561,15.39,18.93,65.57,31.92,1.15,3
2026-08-24 21:24:18,Faridabad,28.4089,77.3178,0.354,14.34,22.76,55.6,29.74,1.37,3
2026-08-24 21:24:18,Ghaziabad,28.6692,77.4538,0.415,16.3,13.97,57.19,33.09,1.21,3
2026-08-24 21:24:18,Gurgaon,28.4595,77.0266,0.3431,14.67,23.36,60.17,29.88,1.43,3
2026-08-24 21:24:18,Noida,28.5355,77.391,0.354,14.34,22.76,55.6,29.74,1.37,3
2026-08-24 21:52:34,Delhi,28.7041,77.1025,0.343,14.48,18.5,66.05,31.6,1.05,3
2026-08-24 21:52:34,Faridabad,28.4089,77.3178,0.3504,13.89,21.52,56.66,29.87,1.47,3
2026-08-24 21:52:34,Ghaziabad,28.6692,77.4538,0.4119,15.94,12.34,57.69,33.17,1.25,3
2026-08-24 21:52:34,Gurgaon,28.4595,77.0266,0.3348,14.03,22.41,61.59,29.93,1.43,3
2026-08-24 21:52:34,Noida,28.5355,77.391,0.3504,13.89,21.52,56.66,29.87,1.47,3
2026-08-24 22:18:13,Delhi,28.7041,77.1025,0.343,14.48,18.5,66.05,31.6,1.05,3
2026-08-24 22:18:13,Faridabad,28.4089,77.3178,0.3504,13.89,21.52,56.66,29.87,1.47,3
2026-08-24 22:18:13,Ghaziabad,28.6692,77.4538,0.4119,15.94,12.34,57.69,33.17,1.25,3
2026-08-24 22:18:13,Gurgaon,28.4595,77.0266,0.3348,14.03,22.41,61.59,29.93,1.43,3
2026-08-24 22:18:13,Noida,28.5355,77.391,0.3504,13.89,21.52,56.66,29.87,1.47,3
2026-08-24 22:52:01,Delhi,28.7041,77.1025,0.3196,13.14,20.43,66.1,30.8,0.98,3
2026-08-24 22:52:01,Faridabad,28.4089,77.3178,0.339,13.1,21.96,56.89,29.57,1.56,3
2026-08-24 22:52:01,Ghaziabad,28.6692,77.4538,0.4038,15.37,12.18,57.13,32.79,1.35,3
2026-08-24 22:52:01,Gurgaon,28.4595,77.0266,0.3156,12.92,23.68,62.44,29.51,1.43,3
2026-08-24 22:52:01,Noida,28.5355,77.391,0.339,13.1,21.96,56.89,29.57,1.56,3
2026-08-24 23:16:28,Delhi,28.7041,77.1025,0.3196,13.14,20.43,66.1,30.8,0.98,3
2026-08-24 23:16:28,Faridabad,28.4089,77.3178,0.339,13.1,21.96,56.89,29.57,1.56,3
2026-08-24 23:16:28,Ghaziabad,28.6692,77.4538,0.4038,15.37,12.18,57.13,32.79,1.35,3
2026-08-24 23:16:28,Gurgaon,28.4595,77.0266,0.3156,12.92,23.68,62.44,29.51,1.43,3
2026-08-24 23:16:28,Noida,28.5355,77.391,0.339,13.1,21.96,56.89,29.57,1.56,3
2026-08-24 23:44:49,Delhi,28.7041,77.1025,0.2929,11.68,24.23,66.35,29.79,0.97,3
2026-08-24 23:44:49,Faridabad,28.4089,77.3178,0.3236,12.24,23.64,56.76,29,1.58,3
2026-08-24 23:44:49,Ghaziabad,28.6692,77.4538,0.3926,14.9,12.91,56.38,32.26,1.45,3
2026-08-24 23:44:49,Gurgaon,28.4595,77.0266,0.292,11.63,26.62,63.02,28.78,1.43,3
2026-08-24 23:44:49,Noida,28.5355,77.391,0.3236,12.24,23.64,56.76,29,1.58,3
2026-08-25 00:47:01,Delhi,28.7041,77.1025,0.2749,10.65,27.48,66.74,28.81,1.19,3
2026-08-25 00:47:01,Faridabad,28.4089,77.3178,0.3123,11.58,25.11,55.84,28.13,1.82,3
2026-08-25 00:47:01,Ghaziabad,28.6692,77.4538,0.389,14.71,13.41,54.56,31.33,2.03,3
2026-08-25 00:47:01,Gurgaon,28.4595,77.0266,0.2738,10.63,29.31,63.27,27.91,1.58,3
2026-08-25 00:47:01,Noida,28.5355,77.391,0.3123,11.58,25.11,55.84,28.13,1.82,3
2026-08-25 02:15:05,Delhi,28.7041,77.1025,0.2762,10.69,27.36,68.1,28.36,1.43,3
2026-08-25 02:15:05,Faridabad,28.4089,77.3178,0.3157,11.69,24.36,56.59,27.77,2.05,3
2026-08-25 02:15:05,Ghaziabad,28.6692,77.4538,0.3961,14.74,12.63,53.36,30.58,2.41,3
2026-08-25 02:15:05,Gurgaon,28.4595,77.0266,0.2738,10.6,29.2,64.66,27.56,1.79,3
2026-08-25 02:15:05,Noida,28.5355,77.391,0.3157,11.69,24.36,56.59,27.77,2.05,3
2026-08-25 03:25:54,Delhi,28.7041,77.1025,0.2702,9.29,31.2,71.51,27.9,1.48,3
2026-08-25 03:25:54,Faridabad,28.4089,77.3178,0.3135,10.52,26.56,58.72,27.47,2.06,3
2026-08-25 03:25:54,Ghaziabad,28.6692,77.4538,0.3869,12.63,16.46,53.02,29.51,2.27,3
2026-08-25 03:25:54,Gurgaon,28.4595,77.0266,0.27,9.41,32.27,67.85,27.32,1.9,3
2026-08-25 03:25:54,Noida,28.5355,77.391,0.3135,10.52,26.56,58.72,27.47,2.06,3
2026-08-25 04:07:38,Delhi,28.7041,77.1025,0.235,6.8,42.52,76.88,27.55,1.44,3
2026-08-25 04:07:38,Faridabad,28.4089,77.3178,0.2833,8.49,34.71,61.76,27.04,1.91,3
2026-08-25 04:07:38,Ghaziabad,28.6692,77.4538,0.3366,10.21,25.96,52.95,27.87,1.91,3
2026-08-25 04:07:38,Gurgaon,28.4595,77.0266,0.2407,7.1,42.42,73.11,27.22,1.89,3
2026-08-25 04:07:38,Noida,28.5355,77.391,0.2833,8.49,34.71,61.76,27.04,1.91,3
2026-08-25 05:03:23,Delhi,28.7041,77.1025,0.2196,5.61,52.81,82.38,29.62,1.52,3
2026-08-25 05:03:23,Faridabad,28.4089,77.3178,0.2662,7.67,42.5,65.66,28.25,1.91,3
2026-08-25 05:03:23,Ghaziabad,28.6692,77.4538,0.3088,9.81,32.33,54.08,27.6,1.89,3
2026-08-25 05:03:23,Gurgaon,28.4595,77.0266,0.2256,5.77,53.16,79.46,29.51,1.92,3
2026-08-25 05:03:23,Noida,28.5355,77.391,0.2662,7.67,42.5,65.66,28.25,1.91,3
2026-08-25 05:56:36,Delhi,28.7041,77.1025,0.2122,4.89,64.45,90.38,34.18,1.6,3
2026-08-25 05:56:36,Faridabad,28.4089,77.3178,0.2591,7.43,50.51,70.6,31.09,1.95,3
2026-08-25 05:56:36,Ghaziabad,28.6692,77.4538,0.3025,10.34,35.56,55.47,28.22,2.05,3
2026-08-25 05:56:36,Gurgaon,28.4595,77.0266,0.2169,4.87,65.76,87.98,34.44,1.91,3
2026-08-25 05:56:36,Noida,28.5355,77.391,0.2591,7.43,50.51,70.6,31.09,1.95,3
2026-08-25 06:34:41,Delhi,28.7041,77.1025,0.1866,2.65,84.66,89.02,37.08,1.45,3
2026-08-25 06:34:41,Faridabad,28.4089,77.3178,0.2283,5.02,70.26,74.21,35.34,1.72,3
2026-08-25 06:34:41,Ghaziabad,28.6692,77.4538,0.2464,5.82,66.74,65.34,35.92,1.71,3
2026-08-25 06:34:41,Gurgaon,28.4595,77.0266,0.1963,3.17,82.29,88.29,37.28,1.71,3
2026-08-25 06:34:41,Noida,28.5355,77.391,0.2283,5.02,70.26,74.21,35.34,1.72,3
2026-08-25 07:38:30,Delhi,28.7041,77.1025,0.1849,1.59,94.41,80.48,37.9,1.29,3
2026-08-25 07:38:30,Faridabad,28.4089,77.3178,0.2199,3.41,83.23,72.6,38.98,1.55,3
2026-08-25 07:38:30,Ghaziabad,28.6692,77.4538,0.239,3.2,88.64,70.87,44.71,1.63,3
2026-08-25 07:38:30,Gurgaon,28.4595,77.0266,0.1931,2.38,89.7,81.08,37.87,1.52,3
2026-08-25 07:38:30,Noida,28.5355,77.391,0.2199,3.41,83.23,72.6,38.98,1.55,3
2026-08-25 08:33:27,Delhi,28.7041,77.1025,0.1893,1.22,100.08,76.75,39.52,1.19,3
2026-08-25 08:33:27,Faridabad,28.4089,77.3178,0.2188,2.54,93.61,71.4,42.61,1.43,3
2026-08-25 08:33:27,Ghaziabad,28.6692,77.4538,0.2461,2.09,105.02,74.9,52.6,1.59,4
2026-08-25 08:33:27,Gurgaon,28.4595,77.0266,0.1952,2.17,93.87,75.75,38.73,1.39,3
2026-08-25 08:33:27,Noida,28.5355,77.391,0.2188,2.54,93.61,71.4,42.61,1.43,3
2026-08-25 09:27:51,Delhi,28.7041,77.1025,0.1893,1.22,100.08,76.75,39.52,1.19,3
2026-08-25 09:27:51,Faridabad,28.4089,77.3178,0.2188,2.54,93.61,71.4,42.61,1.43,3
2026-08-25 09:27:51,Ghaziabad,28.6692,77.4538,0.2461,2.09,105.02,74.9,52.6,1.59,4
2026-08-25 09:27:51,Gurgaon,28.4595,77.0266,0.1952,2.17,93.87,75.75,38.73,1.39,3
2026-08-25 09:27:51,Noida,28.5355,77.391,0.2188,2.54,93.61,71.4,42.61,1.43,3
2026-08-25 10:01:02,Delhi,28.7041,77.1025,0.1944,1.2,104.63,74.04,39.89,1.12,3
2026-08-25 10:01:02,Faridabad,28.4089,77.3178,0.2237,2.11,103.85,68.7,44.25,1.29,3
2026-08-25 10:01:02,Ghaziabad,28.6692,77.4538,0.2565,1.76,118.07,72.66,54.85,1.43,4
2026-08-25 10:01:02,Gurgaon,28.4595,77.0266,0.2007,2.27,97.75,71.24,38.84,1.31,3
2026-08-25 10:01:02,Noida,28.5355,77.391,0.2237,2.11,103.85,68.7,44.25,1.29,3
2026-08-25 10:38:44,Delhi,28.7041,77.1025,0.1945,1.54,104.13,69.3,37.3,1.07,3
2026-08-25 10:38:44,Faridabad,28.4089,77.3178,0.2294,2.7,104.23,63.62,41.71,1.24,3
2026-08-25 10:38:44,Ghaziabad,28.6692,77.4538,0.2565,2.2,118.89,62.13,47.76,1.26,3
2026-08-25 10:38:44,Gurgaon,28.4595,77.0266,0.2074,2.94,96.65,67.12,37.28,1.29,3
2026-08-25 10:38:44,Noida,28.5355,77.391,0.2294,2.7,104.23,63.62,41.71,1.24,3
2026-08-25 11:20:29,Delhi,28.7041,77.1025,0.1945,1.54,104.13,69.3,37.3,1.07,3
2026-08-25 11:20:29,Faridabad,28.4089,77.3178,0.2294,2.7,104.23,63.62,41.71,1.24,3
2026-08-25 11:20:29,Ghaziabad,28.6692,77.4538,0.2565,2.2,118.89,62.13,47.76,1.26,3
2026-08-25 11:20:29,Gurgaon,28.4595,77.0266,0.2074,2.94,96.65,67.12,37.28,1.29,3
2026-08-25 11:20:29,Noida,28.5355,77.391,0.2294,2.7,104.23,63.62,41.71,1.24,3
2026-08-25 11:53:08,Delhi,28.7041,77.1025,0.1959,2.15,102.22,65.02,34.92,1.07,3
2026-08-25 11:53:08,Faridabad,28.4089,77.3178,0.2368,3.83,101.45,59.31,38.94,1.25,3
2026-08-25 11:53:08,Ghaziabad,28.6692,77.4538,0.2574,3.08,115.86,53.43,41.07,1.2,3
2026-08-25 11:53:08,Gurgaon,28.4595,77.0266,0.2163,4.12,93.97,63.99,35.83,1.33,3
2026-08-25 11:53:08,Noida,28.5355,77.391,0.2368,3.83,101.45,59.31,38.94,1.25,3
2026-08-25 12:32:10,Delhi,28.7041,77.1025,0.2446,7.72,80.31,64.27,35.56,1.43,3
2026-08-25 12:32:10,Faridabad,28.4089,77.3178,0.2918,9.92,79.01,60.24,39.82,1.62,3
2026-08-25 12:32:10,Ghaziabad,28.6692,77.4538,0.3227,10.33,89.48,54.59,41.43,1.63,3
2026-08-25 12:32:10,Gurgaon,28.4595,77.0266,0.2163,4.12,93.97,63.99,35.83,1.33,3
2026-08-25 12:32:10,Noida,28.5355,77.391,0.2918,9.92,79.01,60.24,39.82,1.62,3
2026-08-25 13:43:05,Delhi,28.7041,77.1025,0.5364,20.79,55.31,68.33,57.32,2.9,4
2026-08-25 13:43:05,Faridabad,28.4089,77.3178,0.5897,22.81,47.99,74.53,64.04,3.13,4
2026-08-25 13:43:05,Ghaziabad,28.6692,77.4538,0.7183,28.31,45.6,90.14,79.31,4.3,5
2026-08-25 13:43:05,Gurgaon,28.4595,77.0266,0.5118,19.75,53.01,66.17,55.62,2.62,4
2026-08-25 13:43:05,Noida,28.5355,77.391,0.5897,22.81,47.99,74.53,64.04,3.13,4
2026-08-25 14:37:20,Delhi,28.7041,77.1025,0.6106,24.58,38.35,75.34,61.67,3.04,4
2026-08-25 14:37:20,Faridabad,28.4089,77.3178,0.6651,26.47,32.92,81.86,68.52,3.34,4
2026-08-25 14:37:20,Ghaziabad,28.6692,77.4538,0.8091,32.53,29.73,99.47,85.17,4.47,5
2026-08-25 14:37:20,Gurgaon,28.4595,77.0266,0.5802,23.26,37.6,72.74,59.64,2.81,4
2026-08-25 14:37:20,Noida,28.5355,77.391,0.6651,26.47,32.92,81.86,68.52,3.34,4
2026-08-25 15:35:43,Delhi,28.7041,77.1025,0.6562,26.22,26.77,79.8,64.51,2.96,4
2026-08-25 15:35:43,Faridabad,28.4089,77.3178,0.7101,27.9,22.84,86.42,71.19,3.28,4
2026-08-25 15:35:43,Ghaziabad,28.6692,77.4538,0.8635,34.26,18.91,104.97,88.35,4.31,5
2026-08-25 15:35:43,Gurgaon,28.4595,77.0266,0.6207,24.62,27.32,76.82,62.08,2.76,4
2026-08-25 15:35:43,Noida,28.5355,77.391,0.7101,27.9,22.84,86.42,71.19,3.28,4
2026-08-25 16:27:38,Delhi,28.7041,77.1025,0.6562,26.22,26.77,79.8,64.51,2.96,4
2026-08-25 16:27:38,Faridabad,28.4089,77.3178,0.7101,27.9,22.84,86.42,71.19,3.28,4
2026-08-25 16:27:38,Ghaziabad,28.6692,77.4538,0.8635,34.26,18.91,104.97,88.35,4.31,5
2026-08-25 16:27:38,Gurgaon,28.4595,77.0266,0.6207,24.62,27.32,76.82,62.08,2.76,4
2026-08-25 16:27:38,Noida,28.5355,77.391,0.7101,27.9,22.84,86.42,71.19,3.28,4
2026-08-25 17:05:57,Delhi,28.7041,77.1025,0.683,26.14,19.97,82.27,66.68,2.58,4
2026-08-25 17:05:57,Faridabad,28.4089,77.3178,0.7354,27.56,16.95,88.79,72.94,2.86,4
2026-08-25 17:05:57,Ghaziabad,28.6692,77.4538,0.8934,33.8,12.4,107.43,90.08,3.64,5
2026-08-25 17:05:57,Gurgaon,28.4595,77.0266,0.6437,24.4,21.65,78.97,63.75,2.46,4
2026-08-25 17:05:57,Noida,28.5355,77.391,0.7354,27.56,16.95,88.79,72.94,2.86,4
2026-08-25 17:54:23,Delhi,28.7041,77.1025,0.679,24.71,18.46,81.02,66.6,2.05,4
2026-08-25 17:54:23,Faridabad,28.4089,77.3178,0.7289,26.06,15.24,87.45,72.56,2.27,4
2026-08-25 17:54:23,Ghaziabad,28.6692,77.4538,0.8787,31.67,10.33,104.54,88.58,2.75,5
2026-08-25 17:54:23,Gurgaon,28.4595,77.0266,0.6408,23.07,20.61,77.81,63.4,2.05,4
2026-08-25 17:54:23,Noida,28.5355,77.391,0.7289,26.06,15.24,87.45,72.56,2.27,4
2026-08-25 18:28:48,Delhi,28.7041,77.1025,0.679,24.71,18.46,81.02,66.6,2.05,4
2026-08-25 18:28:48,Faridabad,28.4089,77.3178,0.7289,26.06,15.24,87.45,72.56,2.27,4
2026-08-25 18:28:48,Ghaziabad,28.6692,77.4538,0.8787,31.67,10.33,104.54,88.58,2.75,5
2026-08-25 18:28:48,Gurgaon,28.4595,77.0266,0.6408,23.07,20.61,77.81,63.4,2.05,4
2026-08-25 18:28:48,Noida,28.5355,77.391,0.7289,26.06,15.24,87.45,72.56,2.27,4
2026-08-25 19:09:16,Delhi,28.7041,77.1025,0.6154,19.26,29,74.62,62.74,1.6,4
2026-08-25 19:09:16,Faridabad,28.4089,77.3178,0.6747,21.93,20.65,81.92,69.16,1.72,4
2026-08-25 19:09:16,Ghaziabad,28.6692,77.4538,0.8105,26.59,14.2,96.79,83.71,1.87,5
2026-08-25 19:09:16,Gurgaon,28.4595,77.0266,0.5899,18.8,28.54,72.41,59.85,1.72,4
2026-08-25 19:09:16,Noida,28.5355,77.391,0.6747,21.93,20.65,81.92,69.16,1.72,4
2026-08-25 19:54:35,Delhi,28.7041,77.1025,0.5948,17.41,26.35,71.51,60.05,1.35,4
2026-08-25 19:54:35,Faridabad,28.4089,77.3178,0.644,19.64,19.38,78.87,66.71,1.4,4
2026-08-25 19:54:35,Ghaziabad,28.6692,77.4538,0.7679,23.26,12.24,92.73,80.78,1.35,5
2026-08-25 19:54:35,Gurgaon,28.4595,77.0266,0.5702,17.27,26.46,69.7,57.24,1.54,4
2026-08-25 19:54:35,Noida,28.5355,77.391,0.644,19.64,19.38,78.87,66.71,1.4,4
2026-08-25 20:21:08,Delhi,28.7041,77.1025,0.5948,17.41,26.35,71.51,60.05,1.35,4
2026-08-25 20:21:08,Faridabad,28.4089,77.3178,0.644,19.64,19.38,78.87,66.71,1.4,4
2026-08-25 20:21:08,Ghaziabad,28.6692,77.4538,0.7679,23.26,12.24,92.73,80.78,1.35,5
2026-08-25 20:21:08,Gurgaon,28.4595,77.0266,0.5702,17.27,26.46,69.7,57.24,1.54,4
2026-08-25 20:21:08,Noida,28.5355,77.391,0.644,19.64,19.38,78.87,66.71,1.4,4
2026-08-25 20:54:36,Delhi,28.7041,77.1025,0.5769,16.12,23.68,69.11,57.29,1.23,4
2026-08-25 20:54:36,Faridabad,28.4089,77.3178,0.6185,17.87,17.7,76.57,64.42,1.25,4
2026-08-25 20:54:36,Ghaziabad,28.6692,77.4538,0.7375,20.91,9.61,90.2,78.76,1.11,5
2026-08-25 20:54:36,Gurgaon,28.4595,77.0266,0.5508,16.08,24.35,67.6,54.59,1.48,4
2026-08-25 20:54:36,Noida,28.5355,77.391,0.6185,17.87,17.7,76.57,64.42,1.25,4
2026-08-25 21:20:26,Delhi,28.7041,77.1025,0.5769,16.12,23.68,69.11,57.29,1.23,4
2026-08-25 21:20:26,Faridabad,28.4089,77.3178,0.6185,17.87,17.7,76.57,64.42,1.25,4
2026-08-25 21:20:26,Ghaziabad,28.6692,77.4538,0.7375,20.91,9.61,90.2,78.76,1.11,5
2026-08-25 21:20:26,Gurgaon,28.4595,77.0266,0.5508,16.08,24.35,67.6,54.59,1.48,4
2026-08-25 21:20:26,Noida,28.5355,77.391,0.6185,17.87,17.7,76.57,64.42,1.25,4
2026-08-25 21:52:03,Delhi,28.7041,77.1025,0.5394,14.28,24.97,66.07,53.19,1.22,4
2026-08-25 21:52:03,Faridabad,28.4089,77.3178,0.5822,15.8,18.86,73.67,61.14,1.24,4
2026-08-25 21:52:03,Ghaziabad,28.6692,77.4538,0.7093,18.99,8.25,87.67,76.55,1.01,5
2026-08-25 21:52:03,Gurgaon,28.4595,77.0266,0.5138,14.32,25.6,64.86,50.73,1.5,4
2026-08-25 21:52:03,Noida,28.5355,77.391,0.5822,15.8,18.86,73.67,61.14,1.24,4
2026-08-25 22:18:56,Delhi,28.7041,77.1025,0.5394,14.28,24.97,66.07,53.19,1.22,4
2026-08-25 22:18:56,Faridabad,28.4089,77.3178,0.5822,15.8,18.86,73.67,61.14,1.24,4
2026-08-25 22:18:56,Ghaziabad,28.6692,77.4538,0.7093,18.99,8.25,87.67,76.55,1.01,5
2026-08-25 22:18:56,Gurgaon,28.4595,77.0266,0.5138,14.32,25.6,64.86,50.73,1.5,4
2026-08-25 22:18:56,Noida,28.5355,77.391,0.5822,15.8,18.86,73.67,61.14,1.24,4
2026-08-25 22:53:21,Delhi,28.7041,77.1025,0.4884,12.47,28.08,63.16,48.21,1.17,3
2026-08-25 22:53:21,Faridabad,28.4089,77.3178,0.542,14.22,20.65,70.51,57.06,1.25,4
2026-08-25 22:53:21,Ghaziabad,28.6692,77.4538,0.6751,17.33,9.18,83.8,73.03,0.98,4
2026-08-25 22:53:21,Gurgaon,28.4595,77.0266,0.4669,12.71,28.09,62.25,46.17,1.51,3
2026-08-25 22:53:21,Noida,28.5355,77.391,0.542,14.22,20.65,70.51,57.06,1.25,4
2026-08-25 23:19:19,Delhi,28.7041,77.1025,0.4884,12.47,28.08,63.16,48.21,1.17,3
2026-08-25 23:19:19,Faridabad,28.4089,77.3178,0.542,14.22,20.65,70.51,57.06,1.25,4
2026-08-25 23:19:19,Ghaziabad,28.6692,77.4538,0.6751,17.33,9.18,83.8,73.03,0.98,4
2026-08-25 23:19:19,Gurgaon,28.4595,77.0266,0.4669,12.71,28.09,62.25,46.17,1.51,3
2026-08-25 23:19:19,Noida,28.5355,77.391,0.542,14.22,20.65,70.51,57.06,1.25,4
2026-08-25 23:47:34,Delhi,28.7041,77.1025,0.4368,11.26,30.75,61.78,43.45,1.07,3
2026-08-25 23:47:34,Faridabad,28.4089,77.3178,0.5028,13.18,22.46,67.73,52.57,1.29,4
2026-08-25 23:47:34,Ghaziabad,28.6692,77.4538,0.6388,16.03,11.15,79.1,68.3,1,4
2026-08-25 23:47:34,Gurgaon,28.4595,77.0266,0.4194,11.57,30.51,60.72,41.69,1.52,3
2026-08-25 23:47:34,Noida,28.5355,77.391,0.5028,13.18,22.46,67.73,52.57,1.29,4
2026-08-26 00:48:42,Delhi,28.7041,77.1025,0.392,10.63,32.35,62.55,39.3,1.03,3
2026-08-26 00:48:42,Faridabad,28.4089,77.3178,0.4664,12.59,24.25,65.87,47.72,1.44,3
2026-08-26 00:48:42,Ghaziabad,28.6692,77.4538,0.6036,15.34,12.58,74.25,62.3,1.16,4
2026-08-26 00:48:42,Gurgaon,28.4595,77.0266,0.3778,10.87,32.58,61.07,37.68,1.59,3
2026-08-26 00:48:42,Noida,28.5355,77.391,0.4664,12.59,24.25,65.87,47.72,1.44,3
2026-08-26 02:21:16,Delhi,28.7041,77.1025,0.367,10.75,31.96,66.29,36.51,1.17,3
2026-08-26 02:21:16,Faridabad,28.4089,77.3178,0.4481,13.05,23.92,66.41,43.57,1.71,3
2026-08-26 02:21:16,Ghaziabad,28.6692,77.4538,0.5899,16.03,11.81,71.33,56.15,1.51,4
2026-08-26 02:21:16,Gurgaon,28.4595,77.0266,0.3544,10.93,32.59,64.52,35.07,1.77,3
2026-08-26 02:21:16,Noida,28.5355,77.391,0.4481,13.05,23.92,66.41,43.57,1.71,3
2026-08-26 03:32:22,Delhi,28.7041,77.1025,0.2641,6.46,52.57,86.35,33.06,1.44,3
2026-08-26 03:32:22,Faridabad,28.4089,77.3178,0.3198,8.89,44.72,76.18,34.03,1.99,3
2026-08-26 03:32:22,Ghaziabad,28.6692,77.4538,0.3829,10.32,40.7,68.4,36.19,1.57,3
2026-08-26 03:32:22,Gurgaon,28.4595,77.0266,0.2658,7.02,51.13,85.44,32.83,2.11,3
2026-08-26 03:32:22,Noida,28.5355,77.391,0.3198,8.89,44.72,76.18,34.03,1.99,3
2026-08-26 04:32:37,Delhi,28.7041,77.1025,0.2341,4.64,65.28,98.16,35.64,1.55,3
2026-08-26 04:32:37,Faridabad,28.4089,77.3178,0.3198,8.89,44.72,76.18,34.03,1.99,3
2026-08-26 04:32:37,Ghaziabad,28.6692,77.4538,0.3261,8.09,50.43,75.49,34.35,1.6,3
2026-08-26 04:32:37,Gurgaon,28.4595,77.0266,0.235,5.07,63.79,98.28,35.51,2.14,3
2026-08-26 04:32:37,Noida,28.5355,77.391,0.2779,6.63,56.38,86.39,34.62,2.01,3
2026-08-26 05:26:58,Delhi,28.7041,77.1025,0.2341,4.64,65.28,98.16,35.64,1.55,3
2026-08-26 05:26:58,Faridabad,28.4089,77.3178,0.2779,6.63,56.38,86.39,34.62,2.01,3
2026-08-26 05:26:58,Ghaziabad,28.6692,77.4538,0.3261,8.09,50.43,75.49,34.35,1.6,3
2026-08-26 05:26:58,Gurgaon,28.4595,77.0266,0.235,5.07,63.79,98.28,35.51,2.14,3
2026-08-26 05:26:58,Noida,28.5355,77.391,0.2779,6.63,56.38,86.39,34.62,2.01,3
2026-08-26 05:59:25,Delhi,28.7041,77.1025,0.218,3.43,78.49,106.79,39.8,1.57,4
2026-08-26 05:59:25,Faridabad,28.4089,77.3178,0.2551,4.95,69.54,96.45,38.5,1.96,3
2026-08-26 05:59:25,Ghaziabad,28.6692,77.4538,0.2978,6.44,61.89,86.59,37.79,1.62,3
2026-08-26 05:59:25,Gurgaon,28.4595,77.0266,0.2179,3.73,76.6,106.7,39.39,2.08,4
2026-08-26 05:59:25,Noida,28.5355,77.391,0.2551,4.95,69.54,96.45,38.5,1.96,3
2026-08-26 06:50:49,Delhi,28.7041,77.1025,0.198,1.58,102.65,97.7,41.02,1.44,3
2026-08-26 06:50:49,Faridabad,28.4089,77.3178,0.2148,2.15,99.01,93.24,40.75,1.54,3
2026-08-26 06:50:49,Ghaziabad,28.6692,77.4538,0.2406,2.67,100.11,87.33,41.24,1.34,3
2026-08-26 06:50:49,Gurgaon,28.4595,77.0266,0.1948,1.77,99.4,97.59,40.28,1.67,3
2026-08-26 06:50:49,Noida,28.5355,77.391,0.2148,2.15,99.01,93.24,40.75,1.54,3
2026-08-26 07:40:06,Delhi,28.7041,77.1025,0.2054,1.05,113.22,83.62,39.57,1.34,3
2026-08-26 07:40:06,Faridabad,28.4089,77.3178,0.2167,1.32,112.19,78.31,38.77,1.32,3
2026-08-26 07:40:06,Ghaziabad,28.6692,77.4538,0.2414,1.51,117.53,72.96,39.23,1.22,3
2026-08-26 07:40:06,Gurgaon,28.4595,77.0266,0.2004,1.18,109.87,82.05,38.59,1.43,3
2026-08-26 07:40:06,Noida,28.5355,77.391,0.2167,1.32,112.19,78.31,38.77,1.32,3
2026-08-26 08:34:25,Delhi,28.7041,77.1025,0.2099,1.01,116.09,76.79,37.9,1.28,3
2026-08-26 08:34:25,Faridabad,28.4089,77.3178,0.2221,1.24,116.35,69.67,36.54,1.24,3
2026-08-26 08:34:25,Ghaziabad,28.6692,77.4538,0.2478,1.38,123.18,65.1,37.25,1.21,3
2026-08-26 08:34:25,Gurgaon,28.4595,77.0266,0.2052,1.11,112.98,73.88,36.66,1.32,3
2026-08-26 08:34:25,Noida,28.5355,77.391,0.2221,1.24,116.35,69.67,36.54,1.24,3
2026-08-26 09:33:27,Delhi,28.7041,77.1025,0.213,1.3,116.54,75.12,37.32,1.27,3
2026-08-26 09:33:27,Faridabad,28.4089,77.3178,0.228,1.56,117.93,67.09,35.91,1.26,3
2026-08-26 09:33:27,Ghaziabad,28.6692,77.4538,0.2545,1.67,126.46,63.32,37.27,1.3,3
2026-08-26 09:33:27,Gurgaon,28.4595,77.0266,0.2052,1.11,112.98,73.88,36.66,1.32,3
2026-08-26 09:33:27,Noida,28.5355,77.391,0.228,1.56,117.93,67.09,35.91,1.26,3
2026-08-26 10:27:30,Delhi,28.7041,77.1025,0.213,1.3,116.54,75.12,37.32,1.27,3
2026-08-26 10:27:30,Faridabad,28.4089,77.3178,0.228,1.56,117.93,67.09,35.91,1.26,3
2026-08-26 10:27:30,Ghaziabad,28.6692,77.4538,0.2545,1.67,126.46,63.32,37.27,1.3,3
2026-08-26 10:27:30,Gurgaon,28.4595,77.0266,0.2093,1.43,113.47,71.38,35.73,1.31,3
2026-08-26 10:27:30,Noida,28.5355,77.391,0.228,1.56,117.93,67.09,35.91,1.26,3
2026-08-26 11:00:50,Delhi,28.7041,77.1025,0.2163,2.16,113.19,77.1,37.85,1.32,3
2026-08-26 11:00:50,Faridabad,28.4089,77.3178,0.234,2.59,114.54,68.81,36.76,1.38,3
2026-08-26 11:00:50,Ghaziabad,28.6692,77.4538,0.2606,2.7,123.98,65.71,38.8,1.46,3
2026-08-26 11:00:50,Gurgaon,28.4595,77.0266,0.2137,2.4,109.62,72.49,35.78,1.4,3
2026-08-26 11:00:50,Noida,28.5355,77.391,0.234,2.59,114.54,68.81,36.76,1.38,3
2026-08-26 11:35:01,Delhi,28.7041,77.1025,0.2222,3.55,108.01,78.41,37.92,1.38,3
2026-08-26 11:35:01,Faridabad,28.4089,77.3178,0.2424,4.13,109.6,70.2,37.22,1.51,3
2026-08-26 11:35:01,Ghaziabad,28.6692,77.4538,0.2696,4.3,119.81,67.47,39.58,1.62,3
2026-08-26 11:35:01,Gurgaon,28.4595,77.0266,0.2202,3.86,104.21,73.29,35.63,1.51,3
2026-08-26 11:35:01,Noida,28.5355,77.391,0.2424,4.13,109.6,70.2,37.22,1.51,3
2026-08-26 12:35:28,Delhi,28.7041,77.1025,0.2222,3.55,108.01,78.41,37.92,1.38,3
2026-08-26 12:35:28,Faridabad,28.4089,77.3178,0.2945,9.89,86.44,71.66,38.55,1.86,3
2026-08-26 12:35:28,Ghaziabad,28.6692,77.4538,0.3406,11.8,90.64,69.8,41.6,2.08,3
2026-08-26 12:35:28,Gurgaon,28.4595,77.0266,0.2598,8.58,84.58,73.84,36.26,1.78,3
2026-08-26 12:35:28,Noida,28.5355,77.391,0.2945,9.89,86.44,71.66,38.55,1.86,3
2026-08-26 13:48:07,Delhi,28.7041,77.1025,0.4039,18.36,48.03,37.72,20.16,1.92,2
2026-08-26 13:48:07,Faridabad,28.4089,77.3178,0.425,18.79,47.95,34.19,20.27,1.99,2
2026-08-26 13:48:07,Ghaziabad,28.6692,77.4538,0.4992,22.65,44.47,37.1,24.38,2.32,2
2026-08-26 13:48:07,Gurgaon,28.4595,77.0266,0.3879,17.56,48.63,35.24,18.6,1.93,2
2026-08-26 13:48:07,Noida,28.5355,77.391,0.425,18.79,47.95,34.19,20.27,1.99,2
2026-08-26 14:37:30,Delhi,28.7041,77.1025,0.4699,22.45,32.5,43.46,22.91,2.37,2
2026-08-26 14:37:30,Faridabad,28.4089,77.3178,0.4936,22.85,30.82,39.62,22.86,2.37,2
2026-08-26 14:37:30,Ghaziabad,28.6692,77.4538,0.5808,27.24,26.49,42.94,27.09,2.64,3
2026-08-26 14:37:30,Gurgaon,28.4595,77.0266,0.453,21.65,32.72,40.88,21.3,2.37,2
2026-08-26 14:37:30,Noida,28.5355,77.391,0.4936,22.85,30.82,39.62,22.86,2.37,2
2026-08-26 16:12:23,Delhi,28.7041,77.1025,0.5148,24.38,22.15,47.55,25.05,2.58,3
2026-08-26 16:12:23,Faridabad,28.4089,77.3178,0.5364,24.35,20.02,43.15,24.7,2.44,2
2026-08-26 16:12:23,Ghaziabad,28.6692,77.4538,0.6304,28.64,15.38,46.63,28.98,2.63,3
2026-08-26 16:12:23,Gurgaon,28.4595,77.0266,0.4956,23.54,22.31,44.76,23.32,2.53,2
2026-08-26 16:12:23,Noida,28.5355,77.391,0.5364,24.35,20.02,43.15,24.7,2.44,2
2026-08-26 18:11:57,Delhi,28.7041,77.1025,0.5505,24.52,15.38,50.62,27.35,1.99,3
2026-08-26 18:11:57,Faridabad,28.4089,77.3178,0.5639,24.06,14.62,44.95,26.05,1.94,3
2026-08-26 18:11:57,Ghaziabad,28.6692,77.4538,0.6507,27.29,10.47,46.82,29.54,2.02,3
2026-08-26 18:11:57,Gurgaon,28.4595,77.0266,0.529,23.92,15.73,48.04,25.54,2.06,3
2026-08-26 18:11:57,Noida,28.5355,77.391,0.5639,24.06,14.62,44.95,26.05,1.94,3
2026-08-26 20:25:14,Delhi,28.7041,77.1025,0.444,17.23,27.6,50.94,25.57,1.51,3
2026-08-26 20:25:14,Faridabad,28.4089,77.3178,0.4544,16.82,26.06,41.45,22.63,1.37,2
2026-08-26 20:25:14,Ghaziabad,28.6692,77.4538,0.5199,17.76,23.68,37.47,23.68,1.11,2
2026-08-26 20:25:14,Gurgaon,28.4595,77.0266,0.4241,17.07,26.97,48.35,23.88,1.72,2
2026-08-26 20:25:14,Noida,28.5355,77.391,0.4544,16.82,26.06,41.45,22.63,1.37,2
2026-08-26 23:54:09,Delhi,28.7041,77.1025,0.2447,7.73,40.87,59.46,23.5,1.08,3
2026-08-26 23:54:09,Faridabad,28.4089,77.3178,0.2929,9.95,33.34,56.09,23.7,1.66,3
2026-08-26 23:54:09,Ghaziabad,28.6692,77.4538,0.3875,12.93,21.84,51.97,25.28,1.14,3
2026-08-26 23:54:09,Gurgaon,28.4595,77.0266,0.2339,7.78,41.44,60.07,23.2,1.73,3
2026-08-26 23:54:09,Noida,28.5355,77.391,0.2929,9.95,33.34,56.09,23.7,1.66,3
2026-08-27 05:59:32,Delhi,28.7041,77.1025,0.1383,1.5,80.96,92.96,31.25,1.54,3
2026-08-27 05:59:32,Faridabad,28.4089,77.3178,0.1479,1.95,79.3,89.66,30.82,1.82,3
2026-08-27 05:59:32,Ghaziabad,28.6692,77.4538,0.152,1.82,85.29,100.87,34.67,1.69,4
2026-08-27 05:59:32,Gurgaon,28.4595,77.0266,0.1422,1.76,78.66,86.66,29.56,1.85,3
2026-08-27 05:59:32,Noida,28.5355,77.391,0.1479,1.95,79.3,89.66,30.82,1.82,3
2026-08-27 17:25:14,Delhi,28.7041,77.1025,0.2809,13.64,38.69,53.49,20.94,1.83,3
2026-08-27 17:25:14,Faridabad,28.4089,77.3178,0.3083,15.34,34.33,53.82,21.99,2.34,3
2026-08-27 17:25:14,Ghaziabad,28.6692,77.4538,0.3693,19.06,24.46,60.72,25.17,2.34,3
2026-08-27 17:25:14,Gurgaon,28.4595,77.0266,0.2775,13.56,40.15,52.86,20.85,2.4,3
2026-08-27 17:25:14,Noida,28.5355,77.391,0.3083,15.34,34.33,53.82,21.99,2.34,3
2026-08-28 01:36:00,Delhi,28.7041,77.1025,0.1406,4.6,48.26,41.12,12.66,1.04,2
2026-08-28 01:36:00,Faridabad,28.4089,77.3178,0.1508,5.26,47.19,41.52,13.31,1.63,2
2026-08-28 01:36:00,Ghaziabad,28.6692,77.4538,0.1583,5.55,47.48,45.67,14.97,1.22,2
2026-08-28 01:36:00,Gurgaon,28.4595,77.0266,0.1439,4.92,47.64,39.63,12.32,1.67,2
2026-08-28 01:36:00,Noida,28.5355,77.391,0.1508,5.26,47.19,41.52,13.31,1.63,2
2026-08-28 13:37:22,Delhi,28.7041,77.1025,0.1834,8.66,62.63,65.14,22.66,1.45,3
2026-08-28 13:37:22,Faridabad,28.4089,77.3178,0.1927,9.32,59.35,61.72,21.72,1.76,3
2026-08-28 13:37:22,Ghaziabad,28.6692,77.4538,0.2133,11.03,54.68,75.21,26.33,1.64,3
2026-08-28 13:37:22,Gurgaon,28.4595,77.0266,0.1836,8.79,62.4,59.26,20.8,1.9,3
2026-08-28 13:37:22,Noida,28.5355,77.391,0.1927,9.32,59.35,61.72,21.72,1.76,3
2026-08-28 23:20:35,Delhi,28.7041,77.1025,0.1488,4.64,54.98,38.35,13.11,1.2,2
2026-08-28 23:20:35,Faridabad,28.4089,77.3178,0.1595,5.13,53.36,36.69,13.32,1.65,2
2026-08-28 23:20:35,Ghaziabad,28.6692,77.4538,0.1683,5.27,53.88,38.89,14.42,1.53,2
2026-08-28 23:20:35,Gurgaon,28.4595,77.0266,0.1506,4.9,53.98,36.41,12.7,1.59,2
2026-08-28 23:20:35,Noida,28.5355,77.391,0.1595,5.13,53.36,36.69,13.32,1.65,2
2026-08-29 04:15:20,Delhi,28.7041,77.1025,0.143,3.25,53.08,55.68,15.83,1.13,3
2026-08-29 04:15:20,Faridabad,28.4089,77.3178,0.1523,3.77,52.24,51.06,15.19,1.55,3
2026-08-29 04:15:20,Ghaziabad,28.6692,77.4538,0.1635,4.03,51.59,50.82,15.72,1.31,3
2026-08-29 04:15:20,Gurgaon,28.4595,77.0266,0.1449,3.52,52.83,53.38,15.31,1.58,3
2026-08-29 04:15:20,Noida,28.5355,77.391,0.1523,3.77,52.24,51.06,15.19,1.55,3
2026-08-29 11:16:14,Delhi,28.7041,77.1025,0.1188,1.92,78.97,96.86,27.67,1.07,3
2026-08-29 11:16:14,Faridabad,28.4089,77.3178,0.1202,1.74,82.05,94.45,27.93,1.15,3
2026-08-29 11:16:14,Ghaziabad,28.6692,77.4538,0.1203,1.94,80.62,100.33,28.6,1.01,4
2026-08-29 11:16:14,Gurgaon,28.4595,77.0266,0.1198,1.8,81.3,92.49,27.3,1.26,3
2026-08-29 11:16:14,Noida,28.5355,77.391,0.1202,1.74,82.05,94.45,27.93,1.15,3
